rgn_id,habitat,year,area_km2
5103,Macrocystis,2024,0.0
5103,Macrocystis,2017,0.0
5103,Macrocystis,2018,0.0
5103,Macrocystis,2019,0.0
5103,Macrocystis,2020,0.0
5103,Macrocystis,2021,0.0
5103,Macrocystis,2022,0.0
5103,Macrocystis,2023,0.0
1404,Pastos marinos,2017,0.0
2101,Pastos marinos,2017,0.0
3101,Pastos marinos,2017,0.0
3201,Pastos marinos,2017,0.0
4101,Pastos marinos,2017,0.0
4104,Pastos marinos,2017,0.0
4301,Pastos marinos,2017,0.0
5104,Pastos marinos,2017,0.0
5201,Pastos marinos,2017,0.0
5401,Pastos marinos,2017,0.0
5601,Pastos marinos,2017,0.0
5603,Pastos marinos,2017,0.0
5604,Pastos marinos,2017,0.0
5605,Pastos marinos,2017,0.0
5606,Pastos marinos,2017,0.0
6201,Pastos marinos,2017,0.0
6203,Pastos marinos,2017,0.0
6205,Pastos marinos,2017,0.0
6206,Pastos marinos,2017,0.0
7103,Pastos marinos,2017,0.0
7202,Pastos marinos,2017,0.0
7203,Pastos marinos,2017,0.0
7303,Pastos marinos,2017,0.0
7309,Pastos marinos,2017,0.0
8102,Pastos marinos,2017,0.0
8107,Pastos marinos,2017,0.0
8108,Pastos marinos,2017,0.0
8110,Pastos marinos,2017,0.0
8111,Pastos marinos,2017,0.0
8112,Pastos marinos,2017,0.0
8201,Pastos marinos,2017,0.0
8203,Pastos marinos,2017,0.0
8206,Pastos marinos,2017,0.0
8207,Pastos marinos,2017,0.0
9118,Pastos marinos,2017,0.0
10101,Pastos marinos,2017,0.0
10102,Pastos marinos,2017,0.0
10103,Pastos marinos,2017,0.0
10104,Pastos marinos,2017,0.0
10106,Pastos marinos,2017,0.0
10108,Pastos marinos,2017,0.0
10109,Pastos marinos,2017,0.0
10201,Pastos marinos,2017,0.0
10202,Pastos marinos,2017,0.0
10203,Pastos marinos,2017,0.0
10204,Pastos marinos,2017,0.0
10205,Pastos marinos,2017,0.0
10206,Pastos marinos,2017,0.0
10207,Pastos marinos,2017,0.0
10208,Pastos marinos,2017,0.0
10209,Pastos marinos,2017,0.0
10210,Pastos marinos,2017,0.0
10303,Pastos marinos,2017,0.0
10305,Pastos marinos,2017,0.0
10306,Pastos marinos,2017,0.0
10401,Pastos marinos,2017,0.0
10403,Pastos marinos,2017,0.0
11201,Pastos marinos,2017,0.0
11202,Pastos marinos,2017,0.0
11203,Pastos marinos,2017,0.0
11303,Pastos marinos,2017,0.0
12101,Pastos marinos,2017,0.0
12102,Pastos marinos,2017,0.0
12103,Pastos marinos,2017,0.0
12104,Pastos marinos,2017,0.0
12201,Pastos marinos,2017,0.0
12301,Pastos marinos,2017,0.0
12302,Pastos marinos,2017,0.0
12303,Pastos marinos,2017,0.0
12401,Pastos marinos,2017,0.0
12402,Pastos marinos,2017,0.0
14101,Pastos marinos,2017,0.0
14102,Pastos marinos,2017,0.0
14106,Pastos marinos,2017,0.0
14201,Pastos marinos,2017,0.0
16202,Pastos marinos,2017,0.0
16203,Pastos marinos,2017,0.0
16207,Pastos marinos,2017,0.0
1404,Pastos marinos,2018,0.0
2101,Pastos marinos,2018,0.0
3101,Pastos marinos,2018,0.0
3201,Pastos marinos,2018,0.0
4101,Pastos marinos,2018,0.0
4104,Pastos marinos,2018,0.0
4301,Pastos marinos,2018,0.0
5104,Pastos marinos,2018,0.0
5201,Pastos marinos,2018,0.0
5401,Pastos marinos,2018,0.0
5601,Pastos marinos,2018,0.0
5603,Pastos marinos,2018,0.0
5604,Pastos marinos,2018,0.0
5605,Pastos marinos,2018,0.0
5606,Pastos marinos,2018,0.0
6201,Pastos marinos,2018,0.0
6203,Pastos marinos,2018,0.0
6205,Pastos marinos,2018,0.0
6206,Pastos marinos,2018,0.0
7103,Pastos marinos,2018,0.0
7202,Pastos marinos,2018,0.0
7203,Pastos marinos,2018,0.0
7303,Pastos marinos,2018,0.0
7309,Pastos marinos,2018,0.0
8102,Pastos marinos,2018,0.0
8107,Pastos marinos,2018,0.0
8108,Pastos marinos,2018,0.0
8110,Pastos marinos,2018,0.0
8111,Pastos marinos,2018,0.0
8112,Pastos marinos,2018,0.0
8201,Pastos marinos,2018,0.0
8203,Pastos marinos,2018,0.0
8206,Pastos marinos,2018,0.0
8207,Pastos marinos,2018,0.0
9118,Pastos marinos,2018,0.0
10101,Pastos marinos,2018,0.0
10102,Pastos marinos,2018,0.0
10103,Pastos marinos,2018,0.0
10104,Pastos marinos,2018,0.0
10106,Pastos marinos,2018,0.0
10108,Pastos marinos,2018,0.0
10109,Pastos marinos,2018,0.0
10201,Pastos marinos,2018,0.0
10202,Pastos marinos,2018,0.0
10203,Pastos marinos,2018,0.0
10204,Pastos marinos,2018,0.0
10205,Pastos marinos,2018,0.0
10206,Pastos marinos,2018,0.0
10207,Pastos marinos,2018,0.0
10208,Pastos marinos,2018,0.0
10209,Pastos marinos,2018,0.0
10210,Pastos marinos,2018,0.0
10303,Pastos marinos,2018,0.0
10305,Pastos marinos,2018,0.0
10306,Pastos marinos,2018,0.0
10401,Pastos marinos,2018,0.0
10403,Pastos marinos,2018,0.0
11201,Pastos marinos,2018,0.0
11202,Pastos marinos,2018,0.0
11203,Pastos marinos,2018,0.0
11303,Pastos marinos,2018,0.0
12101,Pastos marinos,2018,0.0
12102,Pastos marinos,2018,0.0
12103,Pastos marinos,2018,0.0
12104,Pastos marinos,2018,0.0
12201,Pastos marinos,2018,0.0
12301,Pastos marinos,2018,0.0
12302,Pastos marinos,2018,0.0
12303,Pastos marinos,2018,0.0
12401,Pastos marinos,2018,0.0
12402,Pastos marinos,2018,0.0
14101,Pastos marinos,2018,0.0
14102,Pastos marinos,2018,0.0
14106,Pastos marinos,2018,0.0
14201,Pastos marinos,2018,0.0
16202,Pastos marinos,2018,0.0
16203,Pastos marinos,2018,0.0
16207,Pastos marinos,2018,0.0
1404,Pastos marinos,2019,0.0
2101,Pastos marinos,2019,0.0
3101,Pastos marinos,2019,0.0
3201,Pastos marinos,2019,0.0
4101,Pastos marinos,2019,0.0
4104,Pastos marinos,2019,0.0
4301,Pastos marinos,2019,0.0
5104,Pastos marinos,2019,0.0
5201,Pastos marinos,2019,0.0
5401,Pastos marinos,2019,0.0
5601,Pastos marinos,2019,0.0
5603,Pastos marinos,2019,0.0
5604,Pastos marinos,2019,0.0
5605,Pastos marinos,2019,0.0
5606,Pastos marinos,2019,0.0
6201,Pastos marinos,2019,0.0
6203,Pastos marinos,2019,0.0
6205,Pastos marinos,2019,0.0
6206,Pastos marinos,2019,0.0
7103,Pastos marinos,2019,0.0
7202,Pastos marinos,2019,0.0
7203,Pastos marinos,2019,0.0
7303,Pastos marinos,2019,0.0
7309,Pastos marinos,2019,0.0
8102,Pastos marinos,2019,0.0
8107,Pastos marinos,2019,0.0
8108,Pastos marinos,2019,0.0
8110,Pastos marinos,2019,0.0
8111,Pastos marinos,2019,0.0
8112,Pastos marinos,2019,0.0
8201,Pastos marinos,2019,0.0
8203,Pastos marinos,2019,0.0
8206,Pastos marinos,2019,0.0
8207,Pastos marinos,2019,0.0
9118,Pastos marinos,2019,0.0
10101,Pastos marinos,2019,0.0
10102,Pastos marinos,2019,0.0
10103,Pastos marinos,2019,0.0
10104,Pastos marinos,2019,0.0
10106,Pastos marinos,2019,0.0
10108,Pastos marinos,2019,0.0
10109,Pastos marinos,2019,0.0
10201,Pastos marinos,2019,0.0
10202,Pastos marinos,2019,0.0
10203,Pastos marinos,2019,0.0
10204,Pastos marinos,2019,0.0
10205,Pastos marinos,2019,0.0
10206,Pastos marinos,2019,0.0
10207,Pastos marinos,2019,0.0
10208,Pastos marinos,2019,0.0
10209,Pastos marinos,2019,0.0
10210,Pastos marinos,2019,0.0
10303,Pastos marinos,2019,0.0
10305,Pastos marinos,2019,0.0
10306,Pastos marinos,2019,0.0
10401,Pastos marinos,2019,0.0
10403,Pastos marinos,2019,0.0
11201,Pastos marinos,2019,0.0
11202,Pastos marinos,2019,0.0
11203,Pastos marinos,2019,0.0
11303,Pastos marinos,2019,0.0
12101,Pastos marinos,2019,0.0
12102,Pastos marinos,2019,0.0
12103,Pastos marinos,2019,0.0
12104,Pastos marinos,2019,0.0
12201,Pastos marinos,2019,0.0
12301,Pastos marinos,2019,0.0
12302,Pastos marinos,2019,0.0
12303,Pastos marinos,2019,0.0
12401,Pastos marinos,2019,0.0
12402,Pastos marinos,2019,0.0
14101,Pastos marinos,2019,0.0
14102,Pastos marinos,2019,0.0
14106,Pastos marinos,2019,0.0
14201,Pastos marinos,2019,0.0
16202,Pastos marinos,2019,0.0
16203,Pastos marinos,2019,0.0
16207,Pastos marinos,2019,0.0
1404,Pastos marinos,2020,0.0
2101,Pastos marinos,2020,0.0
3101,Pastos marinos,2020,0.0
3201,Pastos marinos,2020,0.0
4101,Pastos marinos,2020,0.0
4104,Pastos marinos,2020,0.0
4301,Pastos marinos,2020,0.0
5104,Pastos marinos,2020,0.0
5201,Pastos marinos,2020,0.0
5401,Pastos marinos,2020,0.0
5601,Pastos marinos,2020,0.0
5603,Pastos marinos,2020,0.0
5604,Pastos marinos,2020,0.0
5605,Pastos marinos,2020,0.0
5606,Pastos marinos,2020,0.0
6201,Pastos marinos,2020,0.0
6203,Pastos marinos,2020,0.0
6205,Pastos marinos,2020,0.0
6206,Pastos marinos,2020,0.0
7103,Pastos marinos,2020,0.0
7202,Pastos marinos,2020,0.0
7203,Pastos marinos,2020,0.0
7303,Pastos marinos,2020,0.0
7309,Pastos marinos,2020,0.0
8102,Pastos marinos,2020,0.0
8107,Pastos marinos,2020,0.0
8108,Pastos marinos,2020,0.0
8110,Pastos marinos,2020,0.0
8111,Pastos marinos,2020,0.0
8112,Pastos marinos,2020,0.0
8201,Pastos marinos,2020,0.0
8203,Pastos marinos,2020,0.0
8206,Pastos marinos,2020,0.0
8207,Pastos marinos,2020,0.0
9118,Pastos marinos,2020,0.0
10101,Pastos marinos,2020,0.0
10102,Pastos marinos,2020,0.0
10103,Pastos marinos,2020,0.0
10104,Pastos marinos,2020,0.0
10106,Pastos marinos,2020,0.0
10108,Pastos marinos,2020,0.0
10109,Pastos marinos,2020,0.0
10201,Pastos marinos,2020,0.0
10202,Pastos marinos,2020,0.0
10203,Pastos marinos,2020,0.0
10204,Pastos marinos,2020,0.0
10205,Pastos marinos,2020,0.0
10206,Pastos marinos,2020,0.0
10207,Pastos marinos,2020,0.0
10208,Pastos marinos,2020,0.0
10209,Pastos marinos,2020,0.0
10210,Pastos marinos,2020,0.0
10303,Pastos marinos,2020,0.0
10305,Pastos marinos,2020,0.0
10306,Pastos marinos,2020,0.0
10401,Pastos marinos,2020,0.0
10403,Pastos marinos,2020,0.0
11201,Pastos marinos,2020,0.0
11202,Pastos marinos,2020,0.0
11203,Pastos marinos,2020,0.0
11303,Pastos marinos,2020,0.0
12101,Pastos marinos,2020,0.0
12102,Pastos marinos,2020,0.0
12103,Pastos marinos,2020,0.0
12104,Pastos marinos,2020,0.0
12201,Pastos marinos,2020,0.0
12301,Pastos marinos,2020,0.0
12302,Pastos marinos,2020,0.0
12303,Pastos marinos,2020,0.0
12401,Pastos marinos,2020,0.0
12402,Pastos marinos,2020,0.0
14101,Pastos marinos,2020,0.0
14102,Pastos marinos,2020,0.0
14106,Pastos marinos,2020,0.0
14201,Pastos marinos,2020,0.0
16202,Pastos marinos,2020,0.0
16203,Pastos marinos,2020,0.0
16207,Pastos marinos,2020,0.0
1404,Pastos marinos,2021,0.0
2101,Pastos marinos,2021,0.0
3101,Pastos marinos,2021,0.0
3201,Pastos marinos,2021,0.0
4101,Pastos marinos,2021,0.0
4104,Pastos marinos,2021,0.0
4301,Pastos marinos,2021,0.0
5104,Pastos marinos,2021,0.0
5201,Pastos marinos,2021,0.0
5401,Pastos marinos,2021,0.0
5601,Pastos marinos,2021,0.0
5603,Pastos marinos,2021,0.0
5604,Pastos marinos,2021,0.0
5605,Pastos marinos,2021,0.0
5606,Pastos marinos,2021,0.0
6201,Pastos marinos,2021,0.0
6203,Pastos marinos,2021,0.0
6205,Pastos marinos,2021,0.0
6206,Pastos marinos,2021,0.0
7103,Pastos marinos,2021,0.0
7202,Pastos marinos,2021,0.0
7203,Pastos marinos,2021,0.0
7303,Pastos marinos,2021,0.0
7309,Pastos marinos,2021,0.0
8102,Pastos marinos,2021,0.0
8107,Pastos marinos,2021,0.0
8108,Pastos marinos,2021,0.0
8110,Pastos marinos,2021,0.0
8111,Pastos marinos,2021,0.0
8112,Pastos marinos,2021,0.0
8201,Pastos marinos,2021,0.0
8203,Pastos marinos,2021,0.0
8206,Pastos marinos,2021,0.0
8207,Pastos marinos,2021,0.0
9118,Pastos marinos,2021,0.0
10101,Pastos marinos,2021,0.0
10102,Pastos marinos,2021,0.0
10103,Pastos marinos,2021,0.0
10104,Pastos marinos,2021,0.0
10106,Pastos marinos,2021,0.0
10108,Pastos marinos,2021,0.0
10109,Pastos marinos,2021,0.0
10201,Pastos marinos,2021,0.0
10202,Pastos marinos,2021,0.0
10203,Pastos marinos,2021,0.0
10204,Pastos marinos,2021,0.0
10205,Pastos marinos,2021,0.0
10206,Pastos marinos,2021,0.0
10207,Pastos marinos,2021,0.0
10208,Pastos marinos,2021,0.0
10209,Pastos marinos,2021,0.0
10210,Pastos marinos,2021,0.0
10303,Pastos marinos,2021,0.0
10305,Pastos marinos,2021,0.0
10306,Pastos marinos,2021,0.0
10401,Pastos marinos,2021,0.0
10403,Pastos marinos,2021,0.0
11201,Pastos marinos,2021,0.0
11202,Pastos marinos,2021,0.0
11203,Pastos marinos,2021,0.0
11303,Pastos marinos,2021,0.0
12101,Pastos marinos,2021,0.0
12102,Pastos marinos,2021,0.0
12103,Pastos marinos,2021,0.0
12104,Pastos marinos,2021,0.0
12201,Pastos marinos,2021,0.0
12301,Pastos marinos,2021,0.0
12302,Pastos marinos,2021,0.0
12303,Pastos marinos,2021,0.0
12401,Pastos marinos,2021,0.0
12402,Pastos marinos,2021,0.0
14101,Pastos marinos,2021,0.0
14102,Pastos marinos,2021,0.0
14106,Pastos marinos,2021,0.0
14201,Pastos marinos,2021,0.0
16202,Pastos marinos,2021,0.0
16203,Pastos marinos,2021,0.0
16207,Pastos marinos,2021,0.0
1404,Pastos marinos,2022,0.0
2101,Pastos marinos,2022,0.0
3101,Pastos marinos,2022,0.0
3201,Pastos marinos,2022,0.0
4101,Pastos marinos,2022,0.0
4104,Pastos marinos,2022,0.0
4301,Pastos marinos,2022,0.0
5104,Pastos marinos,2022,0.0
5201,Pastos marinos,2022,0.0
5401,Pastos marinos,2022,0.0
5601,Pastos marinos,2022,0.0
5603,Pastos marinos,2022,0.0
5604,Pastos marinos,2022,0.0
5605,Pastos marinos,2022,0.0
5606,Pastos marinos,2022,0.0
6201,Pastos marinos,2022,0.0
6203,Pastos marinos,2022,0.0
6205,Pastos marinos,2022,0.0
6206,Pastos marinos,2022,0.0
7103,Pastos marinos,2022,0.0
7202,Pastos marinos,2022,0.0
7203,Pastos marinos,2022,0.0
7303,Pastos marinos,2022,0.0
7309,Pastos marinos,2022,0.0
8102,Pastos marinos,2022,0.0
8107,Pastos marinos,2022,0.0
8108,Pastos marinos,2022,0.0
8110,Pastos marinos,2022,0.0
8111,Pastos marinos,2022,0.0
8112,Pastos marinos,2022,0.0
8201,Pastos marinos,2022,0.0
8203,Pastos marinos,2022,0.0
8206,Pastos marinos,2022,0.0
8207,Pastos marinos,2022,0.0
9118,Pastos marinos,2022,0.0
10101,Pastos marinos,2022,0.0
10102,Pastos marinos,2022,0.0
10103,Pastos marinos,2022,0.0
10104,Pastos marinos,2022,0.0
10106,Pastos marinos,2022,0.0
10108,Pastos marinos,2022,0.0
10109,Pastos marinos,2022,0.0
10201,Pastos marinos,2022,0.0
10202,Pastos marinos,2022,0.0
10203,Pastos marinos,2022,0.0
10204,Pastos marinos,2022,0.0
10205,Pastos marinos,2022,0.0
10206,Pastos marinos,2022,0.0
10207,Pastos marinos,2022,0.0
10208,Pastos marinos,2022,0.0
10209,Pastos marinos,2022,0.0
10210,Pastos marinos,2022,0.0
10303,Pastos marinos,2022,0.0
10305,Pastos marinos,2022,0.0
10306,Pastos marinos,2022,0.0
10401,Pastos marinos,2022,0.0
10403,Pastos marinos,2022,0.0
11201,Pastos marinos,2022,0.0
11202,Pastos marinos,2022,0.0
11203,Pastos marinos,2022,0.0
11303,Pastos marinos,2022,0.0
12101,Pastos marinos,2022,0.0
12102,Pastos marinos,2022,0.0
12103,Pastos marinos,2022,0.0
12104,Pastos marinos,2022,0.0
12201,Pastos marinos,2022,0.0
12301,Pastos marinos,2022,0.0
12302,Pastos marinos,2022,0.0
12303,Pastos marinos,2022,0.0
12401,Pastos marinos,2022,0.0
12402,Pastos marinos,2022,0.0
14101,Pastos marinos,2022,0.0
14102,Pastos marinos,2022,0.0
14106,Pastos marinos,2022,0.0
14201,Pastos marinos,2022,0.0
16202,Pastos marinos,2022,0.0
16203,Pastos marinos,2022,0.0
16207,Pastos marinos,2022,0.0
1404,Pastos marinos,2023,0.0
2101,Pastos marinos,2023,0.0
3101,Pastos marinos,2023,0.0
3201,Pastos marinos,2023,0.0
4101,Pastos marinos,2023,0.0
4104,Pastos marinos,2023,0.0
4301,Pastos marinos,2023,0.0
5104,Pastos marinos,2023,0.0
5201,Pastos marinos,2023,0.0
5401,Pastos marinos,2023,0.0
5601,Pastos marinos,2023,0.0
5603,Pastos marinos,2023,0.0
5604,Pastos marinos,2023,0.0
5605,Pastos marinos,2023,0.0
5606,Pastos marinos,2023,0.0
6201,Pastos marinos,2023,0.0
6203,Pastos marinos,2023,0.0
6205,Pastos marinos,2023,0.0
6206,Pastos marinos,2023,0.0
7103,Pastos marinos,2023,0.0
7202,Pastos marinos,2023,0.0
7203,Pastos marinos,2023,0.0
7303,Pastos marinos,2023,0.0
7309,Pastos marinos,2023,0.0
8102,Pastos marinos,2023,0.0
8107,Pastos marinos,2023,0.0
8108,Pastos marinos,2023,0.0
8110,Pastos marinos,2023,0.0
8111,Pastos marinos,2023,0.0
8112,Pastos marinos,2023,0.0
8201,Pastos marinos,2023,0.0
8203,Pastos marinos,2023,0.0
8206,Pastos marinos,2023,0.0
8207,Pastos marinos,2023,0.0
9118,Pastos marinos,2023,0.0
10101,Pastos marinos,2023,0.0
10102,Pastos marinos,2023,0.0
10103,Pastos marinos,2023,0.0
10104,Pastos marinos,2023,0.0
10106,Pastos marinos,2023,0.0
10108,Pastos marinos,2023,0.0
10109,Pastos marinos,2023,0.0
10201,Pastos marinos,2023,0.0
10202,Pastos marinos,2023,0.0
10203,Pastos marinos,2023,0.0
10204,Pastos marinos,2023,0.0
10205,Pastos marinos,2023,0.0
10206,Pastos marinos,2023,0.0
10207,Pastos marinos,2023,0.0
10208,Pastos marinos,2023,0.0
10209,Pastos marinos,2023,0.0
10210,Pastos marinos,2023,0.0
10303,Pastos marinos,2023,0.0
10305,Pastos marinos,2023,0.0
10306,Pastos marinos,2023,0.0
10401,Pastos marinos,2023,0.0
10403,Pastos marinos,2023,0.0
11201,Pastos marinos,2023,0.0
11202,Pastos marinos,2023,0.0
11203,Pastos marinos,2023,0.0
11303,Pastos marinos,2023,0.0
12101,Pastos marinos,2023,0.0
12102,Pastos marinos,2023,0.0
12103,Pastos marinos,2023,0.0
12104,Pastos marinos,2023,0.0
12201,Pastos marinos,2023,0.0
12301,Pastos marinos,2023,0.0
12302,Pastos marinos,2023,0.0
12303,Pastos marinos,2023,0.0
12401,Pastos marinos,2023,0.0
12402,Pastos marinos,2023,0.0
14101,Pastos marinos,2023,0.0
14102,Pastos marinos,2023,0.0
14106,Pastos marinos,2023,0.0
14201,Pastos marinos,2023,0.0
16202,Pastos marinos,2023,0.0
16203,Pastos marinos,2023,0.0
16207,Pastos marinos,2023,0.0
1404,Pastos marinos,2024,0.0
2101,Pastos marinos,2024,0.0
3101,Pastos marinos,2024,0.0
3201,Pastos marinos,2024,0.0
4101,Pastos marinos,2024,0.0
4104,Pastos marinos,2024,0.0
4301,Pastos marinos,2024,0.0
5104,Pastos marinos,2024,0.0
5201,Pastos marinos,2024,0.0
5401,Pastos marinos,2024,0.0
5601,Pastos marinos,2024,0.0
5603,Pastos marinos,2024,0.0
5604,Pastos marinos,2024,0.0
5605,Pastos marinos,2024,0.0
5606,Pastos marinos,2024,0.0
6201,Pastos marinos,2024,0.0
6203,Pastos marinos,2024,0.0
6205,Pastos marinos,2024,0.0
6206,Pastos marinos,2024,0.0
7103,Pastos marinos,2024,0.0
7202,Pastos marinos,2024,0.0
7203,Pastos marinos,2024,0.0
7303,Pastos marinos,2024,0.0
7309,Pastos marinos,2024,0.0
8102,Pastos marinos,2024,0.0
8107,Pastos marinos,2024,0.0
8108,Pastos marinos,2024,0.0
8110,Pastos marinos,2024,0.0
8111,Pastos marinos,2024,0.0
8112,Pastos marinos,2024,0.0
8201,Pastos marinos,2024,0.0
8203,Pastos marinos,2024,0.0
8206,Pastos marinos,2024,0.0
8207,Pastos marinos,2024,0.0
9118,Pastos marinos,2024,0.0
10101,Pastos marinos,2024,0.0
10102,Pastos marinos,2024,0.0
10103,Pastos marinos,2024,0.0
10104,Pastos marinos,2024,0.0
10106,Pastos marinos,2024,0.0
10108,Pastos marinos,2024,0.0
10109,Pastos marinos,2024,0.0
10201,Pastos marinos,2024,0.0
10202,Pastos marinos,2024,0.0
10203,Pastos marinos,2024,0.0
10204,Pastos marinos,2024,0.0
10205,Pastos marinos,2024,0.0
10206,Pastos marinos,2024,0.0
10207,Pastos marinos,2024,0.0
10208,Pastos marinos,2024,0.0
10209,Pastos marinos,2024,0.0
10210,Pastos marinos,2024,0.0
10303,Pastos marinos,2024,0.0
10305,Pastos marinos,2024,0.0
10306,Pastos marinos,2024,0.0
10401,Pastos marinos,2024,0.0
10403,Pastos marinos,2024,0.0
11201,Pastos marinos,2024,0.0
11202,Pastos marinos,2024,0.0
11203,Pastos marinos,2024,0.0
11303,Pastos marinos,2024,0.0
12101,Pastos marinos,2024,0.0
12102,Pastos marinos,2024,0.0
12103,Pastos marinos,2024,0.0
12104,Pastos marinos,2024,0.0
12201,Pastos marinos,2024,0.0
12301,Pastos marinos,2024,0.0
12302,Pastos marinos,2024,0.0
12303,Pastos marinos,2024,0.0
12401,Pastos marinos,2024,0.0
12402,Pastos marinos,2024,0.0
14101,Pastos marinos,2024,0.0
14102,Pastos marinos,2024,0.0
14106,Pastos marinos,2024,0.0
14201,Pastos marinos,2024,0.0
16202,Pastos marinos,2024,0.0
16203,Pastos marinos,2024,0.0
16207,Pastos marinos,2024,0.0
8102,Bentonico,2024,0.0
8106,Bentonico,2024,0.0
8108,Bentonico,2024,0.0
9116,Bentonico,2024,0.0
9117,Bentonico,2024,0.0
9118,Bentonico,2024,0.0
10101,Bentonico,2024,0.0
10102,Bentonico,2024,0.0
10103,Bentonico,2024,0.0
10108,Bentonico,2024,0.0
10109,Bentonico,2024,0.0
10201,Bentonico,2024,0.0
10202,Bentonico,2024,0.0
10203,Bentonico,2024,0.0
10204,Bentonico,2024,0.0
10205,Bentonico,2024,0.0
10206,Bentonico,2024,0.0
10207,Bentonico,2024,0.0
10208,Bentonico,2024,0.0
10209,Bentonico,2024,0.0
10210,Bentonico,2024,0.0
10401,Bentonico,2024,0.0
10403,Bentonico,2024,0.0
11202,Bentonico,2024,0.0
11203,Bentonico,2024,0.0
11303,Bentonico,2024,0.0
12102,Bentonico,2024,0.0
12103,Bentonico,2024,0.0
12104,Bentonico,2024,0.0
12201,Bentonico,2024,0.0
12301,Bentonico,2024,0.0
12302,Bentonico,2024,0.0
12303,Bentonico,2024,0.0
12401,Bentonico,2024,0.0
12402,Bentonico,2024,0.0
5104,Bentonico,2024,0.0
5201,Bentonico,2024,0.0
5104,Bentonico,2017,0.0
5104,Bentonico,2018,0.0
5104,Bentonico,2019,0.0
5104,Bentonico,2020,0.0
5104,Bentonico,2021,0.0
5104,Bentonico,2022,0.0
5104,Bentonico,2023,0.0
5201,Bentonico,2017,0.0
5201,Bentonico,2018,0.0
5201,Bentonico,2019,0.0
5201,Bentonico,2020,0.0
5201,Bentonico,2021,0.0
5201,Bentonico,2022,0.0
5201,Bentonico,2023,0.0
8102,Bentonico,2017,0.0
8102,Bentonico,2018,0.0
8102,Bentonico,2019,0.0
8102,Bentonico,2020,0.0
8102,Bentonico,2021,0.0
8102,Bentonico,2022,0.0
8102,Bentonico,2023,0.0
8106,Bentonico,2017,0.0
8106,Bentonico,2018,0.0
8106,Bentonico,2019,0.0
8106,Bentonico,2020,0.0
8106,Bentonico,2021,0.0
8106,Bentonico,2022,0.0
8106,Bentonico,2023,0.0
8108,Bentonico,2017,0.0
8108,Bentonico,2018,0.0
8108,Bentonico,2019,0.0
8108,Bentonico,2020,0.0
8108,Bentonico,2021,0.0
8108,Bentonico,2022,0.0
8108,Bentonico,2023,0.0
9116,Bentonico,2017,0.0
9116,Bentonico,2018,0.0
9116,Bentonico,2019,0.0
9116,Bentonico,2020,0.0
9116,Bentonico,2021,0.0
9116,Bentonico,2022,0.0
9116,Bentonico,2023,0.0
9117,Bentonico,2017,0.0
9117,Bentonico,2018,0.0
9117,Bentonico,2019,0.0
9117,Bentonico,2020,0.0
9117,Bentonico,2021,0.0
9117,Bentonico,2022,0.0
9117,Bentonico,2023,0.0
9118,Bentonico,2017,0.0
9118,Bentonico,2018,0.0
9118,Bentonico,2019,0.0
9118,Bentonico,2020,0.0
9118,Bentonico,2021,0.0
9118,Bentonico,2022,0.0
9118,Bentonico,2023,0.0
10101,Bentonico,2017,0.0
10101,Bentonico,2018,0.0
10101,Bentonico,2019,0.0
10101,Bentonico,2020,0.0
10101,Bentonico,2021,0.0
10101,Bentonico,2022,0.0
10101,Bentonico,2023,0.0
10102,Bentonico,2017,0.0
10102,Bentonico,2018,0.0
10102,Bentonico,2019,0.0
10102,Bentonico,2020,0.0
10102,Bentonico,2021,0.0
10102,Bentonico,2022,0.0
10102,Bentonico,2023,0.0
10103,Bentonico,2017,0.0
10103,Bentonico,2018,0.0
10103,Bentonico,2019,0.0
10103,Bentonico,2020,0.0
10103,Bentonico,2021,0.0
10103,Bentonico,2022,0.0
10103,Bentonico,2023,0.0
10108,Bentonico,2017,0.0
10108,Bentonico,2018,0.0
10108,Bentonico,2019,0.0
10108,Bentonico,2020,0.0
10108,Bentonico,2021,0.0
10108,Bentonico,2022,0.0
10108,Bentonico,2023,0.0
10109,Bentonico,2017,0.0
10109,Bentonico,2018,0.0
10109,Bentonico,2019,0.0
10109,Bentonico,2020,0.0
10109,Bentonico,2021,0.0
10109,Bentonico,2022,0.0
10109,Bentonico,2023,0.0
10201,Bentonico,2017,0.0
10201,Bentonico,2018,0.0
10201,Bentonico,2019,0.0
10201,Bentonico,2020,0.0
10201,Bentonico,2021,0.0
10201,Bentonico,2022,0.0
10201,Bentonico,2023,0.0
10202,Bentonico,2017,0.0
10202,Bentonico,2018,0.0
10202,Bentonico,2019,0.0
10202,Bentonico,2020,0.0
10202,Bentonico,2021,0.0
10202,Bentonico,2022,0.0
10202,Bentonico,2023,0.0
10203,Bentonico,2017,0.0
10203,Bentonico,2018,0.0
10203,Bentonico,2019,0.0
10203,Bentonico,2020,0.0
10203,Bentonico,2021,0.0
10203,Bentonico,2022,0.0
10203,Bentonico,2023,0.0
10204,Bentonico,2017,0.0
10204,Bentonico,2018,0.0
10204,Bentonico,2019,0.0
10204,Bentonico,2020,0.0
10204,Bentonico,2021,0.0
10204,Bentonico,2022,0.0
10204,Bentonico,2023,0.0
10205,Bentonico,2017,0.0
10205,Bentonico,2018,0.0
10205,Bentonico,2019,0.0
10205,Bentonico,2020,0.0
10205,Bentonico,2021,0.0
10205,Bentonico,2022,0.0
10205,Bentonico,2023,0.0
10206,Bentonico,2017,0.0
10206,Bentonico,2018,0.0
10206,Bentonico,2019,0.0
10206,Bentonico,2020,0.0
10206,Bentonico,2021,0.0
10206,Bentonico,2022,0.0
10206,Bentonico,2023,0.0
10207,Bentonico,2017,0.0
10207,Bentonico,2018,0.0
10207,Bentonico,2019,0.0
10207,Bentonico,2020,0.0
10207,Bentonico,2021,0.0
10207,Bentonico,2022,0.0
10207,Bentonico,2023,0.0
10208,Bentonico,2017,0.0
10208,Bentonico,2018,0.0
10208,Bentonico,2019,0.0
10208,Bentonico,2020,0.0
10208,Bentonico,2021,0.0
10208,Bentonico,2022,0.0
10208,Bentonico,2023,0.0
10209,Bentonico,2017,0.0
10209,Bentonico,2018,0.0
10209,Bentonico,2019,0.0
10209,Bentonico,2020,0.0
10209,Bentonico,2021,0.0
10209,Bentonico,2022,0.0
10209,Bentonico,2023,0.0
10210,Bentonico,2017,0.0
10210,Bentonico,2018,0.0
10210,Bentonico,2019,0.0
10210,Bentonico,2020,0.0
10210,Bentonico,2021,0.0
10210,Bentonico,2022,0.0
10210,Bentonico,2023,0.0
10401,Bentonico,2017,0.0
10401,Bentonico,2018,0.0
10401,Bentonico,2019,0.0
10401,Bentonico,2020,0.0
10401,Bentonico,2021,0.0
10401,Bentonico,2022,0.0
10401,Bentonico,2023,0.0
10403,Bentonico,2017,0.0
10403,Bentonico,2018,0.0
10403,Bentonico,2019,0.0
10403,Bentonico,2020,0.0
10403,Bentonico,2021,0.0
10403,Bentonico,2022,0.0
10403,Bentonico,2023,0.0
11202,Bentonico,2017,0.0
11202,Bentonico,2018,0.0
11202,Bentonico,2019,0.0
11202,Bentonico,2020,0.0
11202,Bentonico,2021,0.0
11202,Bentonico,2022,0.0
11202,Bentonico,2023,0.0
11203,Bentonico,2017,0.0
11203,Bentonico,2018,0.0
11203,Bentonico,2019,0.0
11203,Bentonico,2020,0.0
11203,Bentonico,2021,0.0
11203,Bentonico,2022,0.0
11203,Bentonico,2023,0.0
11303,Bentonico,2017,0.0
11303,Bentonico,2018,0.0
11303,Bentonico,2019,0.0
11303,Bentonico,2020,0.0
11303,Bentonico,2021,0.0
11303,Bentonico,2022,0.0
11303,Bentonico,2023,0.0
12102,Bentonico,2017,0.0
12102,Bentonico,2018,0.0
12102,Bentonico,2019,0.0
12102,Bentonico,2020,0.0
12102,Bentonico,2021,0.0
12102,Bentonico,2022,0.0
12102,Bentonico,2023,0.0
12103,Bentonico,2017,0.0
12103,Bentonico,2018,0.0
12103,Bentonico,2019,0.0
12103,Bentonico,2020,0.0
12103,Bentonico,2021,0.0
12103,Bentonico,2022,0.0
12103,Bentonico,2023,0.0
12104,Bentonico,2017,0.0
12104,Bentonico,2018,0.0
12104,Bentonico,2019,0.0
12104,Bentonico,2020,0.0
12104,Bentonico,2021,0.0
12104,Bentonico,2022,0.0
12104,Bentonico,2023,0.0
12201,Bentonico,2017,0.0
12201,Bentonico,2018,0.0
12201,Bentonico,2019,0.0
12201,Bentonico,2020,0.0
12201,Bentonico,2021,0.0
12201,Bentonico,2022,0.0
12201,Bentonico,2023,0.0
12301,Bentonico,2017,0.0
12301,Bentonico,2018,0.0
12301,Bentonico,2019,0.0
12301,Bentonico,2020,0.0
12301,Bentonico,2021,0.0
12301,Bentonico,2022,0.0
12301,Bentonico,2023,0.0
12302,Bentonico,2017,0.0
12302,Bentonico,2018,0.0
12302,Bentonico,2019,0.0
12302,Bentonico,2020,0.0
12302,Bentonico,2021,0.0
12302,Bentonico,2022,0.0
12302,Bentonico,2023,0.0
12303,Bentonico,2017,0.0
12303,Bentonico,2018,0.0
12303,Bentonico,2019,0.0
12303,Bentonico,2020,0.0
12303,Bentonico,2021,0.0
12303,Bentonico,2022,0.0
12303,Bentonico,2023,0.0
12401,Bentonico,2017,0.0
12401,Bentonico,2018,0.0
12401,Bentonico,2019,0.0
12401,Bentonico,2020,0.0
12401,Bentonico,2021,0.0
12401,Bentonico,2022,0.0
12401,Bentonico,2023,0.0
12402,Bentonico,2017,0.0
12402,Bentonico,2018,0.0
12402,Bentonico,2019,0.0
12402,Bentonico,2020,0.0
12402,Bentonico,2021,0.0
12402,Bentonico,2022,0.0
12402,Bentonico,2023,0.0
8206,Macrocystis,2023,0.000283933
8108,Macrocystis,2023,0.000291243
5603,Macrocystis,2023,0.000316423
5604,Macrocystis,2023,0.000317329
8206,Macrocystis,2024,0.000378577
8206,Macrocystis,2022,0.000378577
8206,Macrocystis,2021,0.000383451
8108,Macrocystis,2024,0.000388324
8108,Macrocystis,2022,0.000388324
8206,Macrocystis,2020,0.000390353
8108,Macrocystis,2021,0.000393323
8206,Macrocystis,2019,0.000397379
8108,Macrocystis,2020,0.000400403
8206,Macrocystis,2018,0.000404532
8108,Macrocystis,2019,0.00040761
8206,Macrocystis,2017,0.000411814
8108,Macrocystis,2018,0.000414947
5603,Macrocystis,2024,0.000421897
5603,Macrocystis,2022,0.000421897
8108,Macrocystis,2017,0.000422416
5604,Macrocystis,2024,0.000423105
5604,Macrocystis,2022,0.000423105
5603,Macrocystis,2021,0.000427329
5604,Macrocystis,2021,0.000428552
5603,Macrocystis,2020,0.000435021
5604,Macrocystis,2020,0.000436266
5603,Macrocystis,2019,0.000442851
5604,Macrocystis,2019,0.000444119
5603,Macrocystis,2018,0.000450822
5604,Macrocystis,2018,0.000452113
5603,Macrocystis,2017,0.000458937
5604,Macrocystis,2017,0.000460251
5606,Macrocystis,2023,0.000628728
5601,Macrocystis,2023,0.000632775
5601,Macrocystis,2024,0.0008437
5601,Macrocystis,2022,0.0008437
5606,Macrocystis,2021,0.000849097
5601,Macrocystis,2021,0.000854562
5606,Macrocystis,2020,0.000864381
5601,Macrocystis,2020,0.000869944
5606,Macrocystis,2019,0.000879939
16207,Macrocystis,2023,0.00088542
5601,Macrocystis,2019,0.000885603
5606,Macrocystis,2018,0.000895778
5601,Macrocystis,2018,0.000901544
5606,Macrocystis,2017,0.000911902
5601,Macrocystis,2017,0.000917772
5605,Macrocystis,2023,0.000941744
16207,Macrocystis,2021,0.001195759
16207,Macrocystis,2020,0.001217282
16207,Macrocystis,2019,0.001239194
16207,Macrocystis,2018,0.001261499
5605,Macrocystis,2021,0.001271824
16207,Macrocystis,2017,0.001284206
5605,Macrocystis,2020,0.001294717
5605,Macrocystis,2019,0.001318022
5605,Macrocystis,2018,0.001341746
5605,Macrocystis,2017,0.001365898
5102,Macrocystis,2023,0.001731674
7303,Macrocystis,2023,0.001836445
9117,Macrocystis,2023,0.001919382
5102,Macrocystis,2021,0.002338625
5102,Macrocystis,2020,0.00238072
5102,Macrocystis,2019,0.002423573
7303,Macrocystis,2024,0.002448593
7303,Macrocystis,2022,0.002448593
5102,Macrocystis,2018,0.002467197
7303,Macrocystis,2021,0.002480117
9116,Macrocystis,2023,0.002484527
5102,Macrocystis,2017,0.002511607
7303,Macrocystis,2020,0.002524759
7303,Macrocystis,2019,0.002570205
9117,Macrocystis,2021,0.002592123
7303,Macrocystis,2018,0.002616469
9117,Macrocystis,2020,0.002638782
7303,Macrocystis,2017,0.002663565
9117,Macrocystis,2019,0.00268628
9117,Macrocystis,2018,0.002734633
9117,Macrocystis,2017,0.002783856
15102,Macrocystis,2023,0.002882018
8203,Macrocystis,2023,0.00311079
16203,Macrocystis,2023,0.003217415
9116,Macrocystis,2021,0.003355351
5102,Macrocystis,2022,0.003407628
9116,Macrocystis,2020,0.003415747
5107,Macrocystis,2021,0.003450753
9116,Macrocystis,2019,0.003477231
5107,Macrocystis,2020,0.003512867
9116,Macrocystis,2018,0.003539821
5107,Macrocystis,2019,0.003576099
9116,Macrocystis,2017,0.003603538
5107,Macrocystis,2018,0.003640468
5107,Macrocystis,2017,0.003705997
15102,Macrocystis,2024,0.003842691
15102,Macrocystis,2022,0.003842691
15102,Macrocystis,2021,0.003892163
15102,Macrocystis,2020,0.003962222
15102,Macrocystis,2019,0.004033542
15102,Macrocystis,2018,0.004106146
8203,Macrocystis,2024,0.00414772
8203,Macrocystis,2022,0.00414772
15102,Macrocystis,2017,0.004180056
8203,Macrocystis,2021,0.004201118
8203,Macrocystis,2020,0.004276739
16203,Macrocystis,2021,0.004345116
8203,Macrocystis,2019,0.00435372
16203,Macrocystis,2020,0.004423328
8203,Macrocystis,2018,0.004432087
5101,Macrocystis,2023,0.004473873
16203,Macrocystis,2019,0.004502948
8203,Macrocystis,2017,0.004511864
5405,Macrocystis,2023,0.004534266
16203,Macrocystis,2018,0.004584001
6203,Macrocystis,2021,0.00459112
16203,Macrocystis,2017,0.004666513
6203,Macrocystis,2020,0.00467376
6203,Macrocystis,2019,0.004757888
10109,Macrocystis,2023,0.004799734
5602,Macrocystis,2023,0.004822395
6203,Macrocystis,2018,0.00484353
6203,Macrocystis,2017,0.004930713
16203,Macrocystis,2022,0.005105617
5109,Macrocystis,2021,0.005276282
16207,Macrocystis,2022,0.005297623
5109,Macrocystis,2020,0.005371256
5109,Macrocystis,2019,0.005467938
5109,Macrocystis,2018,0.005566361
5109,Macrocystis,2017,0.005666556
9102,Macrocystis,2021,0.006003731
5101,Macrocystis,2021,0.006041961
9102,Macrocystis,2020,0.006111798
5405,Macrocystis,2021,0.006123522
5101,Macrocystis,2020,0.006150717
9102,Macrocystis,2019,0.00622181
5405,Macrocystis,2020,0.006233745
5101,Macrocystis,2019,0.006261429
9102,Macrocystis,2018,0.006333803
5405,Macrocystis,2019,0.006345953
5101,Macrocystis,2018,0.006374135
9102,Macrocystis,2017,0.006447811
5405,Macrocystis,2018,0.00646018
10109,Macrocystis,2021,0.006482036
5101,Macrocystis,2017,0.00648887
5602,Macrocystis,2021,0.00651264
5405,Macrocystis,2017,0.006576463
10109,Macrocystis,2020,0.006598712
5405,Macrocystis,2022,0.00661059
5602,Macrocystis,2020,0.006629867
10109,Macrocystis,2019,0.006717489
5602,Macrocystis,2019,0.006749205
10109,Macrocystis,2018,0.006838404
5602,Macrocystis,2018,0.00687069
10109,Macrocystis,2017,0.006961495
5602,Macrocystis,2017,0.006994363
6203,Macrocystis,2023,0.007685287
6206,Macrocystis,2023,0.008045835
5109,Macrocystis,2023,0.008192628
3201,Macrocystis,2021,0.008390104
3201,Macrocystis,2020,0.008541126
5401,Marismas y humedales,2023,0.008571429
3201,Macrocystis,2019,0.008694866
6205,Macrocystis,2023,0.008823861
3201,Macrocystis,2018,0.008851374
3201,Macrocystis,2017,0.009010698
4101,Macrocystis,2023,0.009053898
5401,Macrocystis,2023,0.00915615
5606,Macrocystis,2022,0.009289975
9118,Macrocystis,2023,0.009898314
5105,Macrocystis,2023,0.009931808
5603,Marismas y humedales,2024,0.01
16203,Macrocystis,2024,0.01
6203,Macrocystis,2024,0.01
5403,Macrocystis,2024,0.01
7103,Macrocystis,2024,0.01
7103,Macrocystis,2017,0.01
7103,Macrocystis,2018,0.01
7103,Macrocystis,2019,0.01
7103,Macrocystis,2020,0.01
7103,Macrocystis,2021,0.01
7103,Macrocystis,2022,0.01
7103,Macrocystis,2023,0.01
5405,Macrocystis,2024,0.01
5102,Macrocystis,2024,0.01
5109,Macrocystis,2024,0.01
10204,Playas y dunas,2024,0.01
10204,Playas y dunas,2017,0.01
10204,Playas y dunas,2018,0.01
10204,Playas y dunas,2019,0.01
10204,Playas y dunas,2020,0.01
10204,Playas y dunas,2021,0.01
10204,Playas y dunas,2022,0.01
10204,Playas y dunas,2023,0.01
6205,Macrocystis,2024,0.01
7309,Marismas y humedales,2024,0.01
9102,Playas y dunas,2018,0.01
3101,Marismas y humedales,2017,0.01
8207,Macrocystis,2024,0.01
4104,Marismas y humedales,2024,0.01
1404,Marismas y humedales,2024,0.01
5403,Macrocystis,2023,0.010104773
3201,Macrocystis,2023,0.01049831
6206,Macrocystis,2024,0.010727779
6206,Macrocystis,2022,0.010727779
7202,Macrocystis,2023,0.010847035
6206,Macrocystis,2021,0.010865892
6206,Macrocystis,2020,0.011061478
6206,Macrocystis,2019,0.011260584
4102,Macrocystis,2023,0.011390872
6206,Macrocystis,2018,0.011463275
6205,Macrocystis,2022,0.011512984
6206,Macrocystis,2017,0.011669614
6205,Macrocystis,2021,0.011916616
2101,Bosques y matorrales,2019,0.012
4101,Macrocystis,2024,0.012071864
4101,Macrocystis,2022,0.012071864
6205,Macrocystis,2020,0.012131115
4101,Macrocystis,2021,0.01222728
5101,Macrocystis,2022,0.012255855
6205,Macrocystis,2019,0.012349475
5401,Macrocystis,2021,0.012365371
4101,Macrocystis,2020,0.012447371
5605,Macrocystis,2022,0.01250485
6205,Macrocystis,2018,0.012571765
5401,Macrocystis,2020,0.012587948
4101,Macrocystis,2019,0.012671424
6205,Macrocystis,2017,0.012798057
5401,Macrocystis,2019,0.012814531
4101,Macrocystis,2018,0.01289951
5403,Macrocystis,2022,0.012976883
5401,Macrocystis,2018,0.013045193
4101,Macrocystis,2017,0.013131701
5401,Macrocystis,2017,0.013280006
9118,Macrocystis,2021,0.013367663
5105,Macrocystis,2021,0.013412897
15101,Macrocystis,2021,0.013598971
9118,Macrocystis,2020,0.013608281
5403,Macrocystis,2021,0.013646486
5105,Macrocystis,2020,0.013654329
15101,Macrocystis,2020,0.013843752
9118,Macrocystis,2019,0.01385323
5403,Macrocystis,2020,0.013892122
5105,Macrocystis,2019,0.013900107
15101,Macrocystis,2019,0.01409294
9118,Macrocystis,2018,0.014102589
5403,Macrocystis,2019,0.014142181
5105,Macrocystis,2018,0.014150309
15101,Macrocystis,2018,0.014346612
9118,Macrocystis,2017,0.014356435
5403,Macrocystis,2018,0.01439674
5105,Macrocystis,2017,0.014405015
2102,Macrocystis,2021,0.014520387
15101,Macrocystis,2017,0.014604852
7202,Macrocystis,2021,0.014648911
5403,Macrocystis,2017,0.014655881
2102,Macrocystis,2020,0.014781754
7202,Macrocystis,2020,0.014912591
2102,Macrocystis,2019,0.015047825
7202,Macrocystis,2019,0.015181018
2102,Macrocystis,2018,0.015318686
4102,Macrocystis,2021,0.015383362
7202,Macrocystis,2018,0.015454276
2102,Macrocystis,2017,0.015594422
4102,Macrocystis,2020,0.015660262
7202,Macrocystis,2017,0.015732453
4102,Macrocystis,2019,0.015942147
4102,Macrocystis,2018,0.016229105
4102,Macrocystis,2017,0.016521229
7202,Macrocystis,2022,0.016682326
7102,Macrocystis,2021,0.016751307
7102,Macrocystis,2020,0.017052831
7102,Macrocystis,2019,0.017359782
7102,Macrocystis,2018,0.017672258
7102,Macrocystis,2017,0.017990358
15101,Macrocystis,2023,0.018641018
10104,Macrocystis,2023,0.019642815
10109,Marismas y humedales,2018,0.02
10109,Marismas y humedales,2020,0.02
10204,Marismas y humedales,2024,0.02
5107,Macrocystis,2024,0.02
7309,Macrocystis,2024,0.02
7203,Macrocystis,2024,0.02
7203,Playas y dunas,2021,0.02
3101,Marismas y humedales,2021,0.02
10201,Playas y dunas,2019,0.02
10306,Marismas y humedales,2020,0.02
10306,Marismas y humedales,2021,0.02
3201,Bosques y matorrales,2024,0.02
2301,Bosques y matorrales,2020,0.02
2301,Marismas y humedales,2021,0.02
1101,Bosques y matorrales,2024,0.02
1101,Marismas y humedales,2024,0.02
15101,Macrocystis,2024,0.021304021
5602,Macrocystis,2022,0.022654166
1404,Bosques y matorrales,2019,0.023
5105,Macrocystis,2022,0.024207781
5401,Macrocystis,2022,0.024749886
6201,Macrocystis,2023,0.025201953
7102,Macrocystis,2023,0.025260934
11203,Marismas y humedales,2023,0.025714286
10104,Macrocystis,2024,0.02619042
10104,Macrocystis,2022,0.02619042
10104,Macrocystis,2021,0.026527602
10104,Macrocystis,2020,0.027005099
16202,Macrocystis,2023,0.027197943
10104,Macrocystis,2019,0.027491191
5104,Macrocystis,2020,0.0275
5104,Macrocystis,2021,0.0275
10104,Macrocystis,2018,0.027986032
10104,Macrocystis,2017,0.028489781
7309,Macrocystis,2023,0.028620571
16207,Macrocystis,2024,0.03
16207,Marismas y humedales,2018,0.03
5603,Marismas y humedales,2022,0.03
6203,Macrocystis,2022,0.03
5403,Playas y dunas,2022,0.03
7103,Marismas y humedales,2022,0.03
5109,Macrocystis,2022,0.03
8107,Macrocystis,2022,0.03
8106,Macrocystis,2024,0.03
8106,Macrocystis,2022,0.03
7202,Macrocystis,2024,0.03
7202,Marismas y humedales,2022,0.03
7309,Macrocystis,2022,0.03
10303,Marismas y humedales,2017,0.03
10206,Playas y dunas,2022,0.03
8203,Marismas y humedales,2022,0.03
12402,Playas y dunas,2020,0.03
12402,Playas y dunas,2021,0.03
14106,Playas y dunas,2022,0.03
7203,Marismas y humedales,2022,0.03
3101,Marismas y humedales,2019,0.03
8207,Marismas y humedales,2022,0.03
10201,Playas y dunas,2018,0.03
7102,Marismas y humedales,2022,0.03
3201,Macrocystis,2022,0.03
10210,Playas y dunas,2022,0.03
10209,Marismas y humedales,2022,0.03
10202,Playas y dunas,2022,0.03
2301,Macrocystis,2022,0.03
1101,Bosques y matorrales,2019,0.03
1101,Marismas y humedales,2019,0.03
1101,Marismas y humedales,2021,0.03
10208,Macrocystis,2022,0.03
9117,Macrocystis,2022,0.030765008
5104,Macrocystis,2023,0.031071429
7309,Macrocystis,2021,0.0328642
7309,Macrocystis,2020,0.033455755
6201,Macrocystis,2021,0.034035213
7309,Macrocystis,2019,0.034057959
11203,Playas y dunas,2023,0.034285714
6201,Macrocystis,2020,0.034647847
7309,Macrocystis,2018,0.034671002
3101,Macrocystis,2023,0.034800944
6201,Macrocystis,2019,0.035271508
7309,Macrocystis,2017,0.03529508
6201,Macrocystis,2018,0.035906395
6201,Macrocystis,2017,0.03655271
16202,Macrocystis,2021,0.036730795
2101,Macrocystis,2023,0.037180967
4102,Macrocystis,2022,0.037303854
16202,Macrocystis,2020,0.037391949
16202,Macrocystis,2019,0.038065004
16202,Macrocystis,2018,0.038750174
16202,Macrocystis,2017,0.039447677
5103,Bosques y matorrales,2021,0.04
10109,Bosques y matorrales,2019,0.04
8107,Playas y dunas,2019,0.04
10201,Playas y dunas,2017,0.04
10306,Bosques y matorrales,2021,0.04
3201,Bosques y matorrales,2019,0.04
3201,Marismas y humedales,2019,0.04
2301,Bosques y matorrales,2021,0.04
1101,Bosques y matorrales,2018,0.04
1101,Bosques y matorrales,2020,0.04
10305,Macrocystis,2023,0.040902201
8110,Macrocystis,2023,0.042793811
9118,Macrocystis,2022,0.044169502
3304,Macrocystis,2023,0.045496485
3101,Macrocystis,2024,0.046401259
3101,Macrocystis,2022,0.046401259
3101,Macrocystis,2021,0.04699864
9102,Macrocystis,2023,0.047302708
3101,Macrocystis,2020,0.047844616
7203,Macrocystis,2023,0.048373403
8112,Macrocystis,2023,0.048672223
3101,Macrocystis,2019,0.048705819
6201,Macrocystis,2022,0.048802232
2101,Macrocystis,2024,0.049574623
2101,Macrocystis,2022,0.049574623
3101,Macrocystis,2018,0.049582524
9116,Macrocystis,2022,0.049982317
8108,Bosques y matorrales,2021,0.05
5405,Marismas y humedales,2024,0.05
10305,Marismas y humedales,2019,0.05
8107,Playas y dunas,2017,0.05
8107,Playas y dunas,2018,0.05
8102,Macrocystis,2024,0.05
10104,Marismas y humedales,2017,0.05
5101,Macrocystis,2024,0.05
3101,Bosques y matorrales,2020,0.05
3201,Marismas y humedales,2021,0.05
2301,Marismas y humedales,2024,0.05
2301,Bosques y matorrales,2018,0.05
2101,Macrocystis,2021,0.05021286
3101,Macrocystis,2017,0.050475009
2101,Macrocystis,2020,0.051116691
10109,Macrocystis,2022,0.051199696
2101,Macrocystis,2019,0.052036792
3102,Macrocystis,2023,0.052225422
2101,Macrocystis,2018,0.052973454
2101,Macrocystis,2017,0.053926976
5107,Macrocystis,2023,0.053983741
2104,Macrocystis,2023,0.054469627
10305,Macrocystis,2021,0.055238382
10305,Macrocystis,2020,0.056232673
10305,Macrocystis,2019,0.057244861
8110,Macrocystis,2022,0.057478641
8110,Macrocystis,2021,0.057792999
7203,Macrocystis,2022,0.058141032
10305,Macrocystis,2018,0.058275269
12402,Macrocystis,2023,0.058417459
8110,Macrocystis,2020,0.058833273
10305,Macrocystis,2017,0.059324224
8110,Macrocystis,2019,0.059892272
16207,Marismas y humedales,2022,0.06
8206,Marismas y humedales,2022,0.06
5604,Marismas y humedales,2024,0.06
5604,Bosques y matorrales,2022,0.06
6206,Marismas y humedales,2022,0.06
10204,Marismas y humedales,2017,0.06
8107,Playas y dunas,2020,0.06
8107,Playas y dunas,2021,0.06
8110,Macrocystis,2024,0.06
5401,Marismas y humedales,2022,0.06
16202,Playas y dunas,2022,0.06
15102,Marismas y humedales,2022,0.06
10205,Marismas y humedales,2017,0.06
5606,Macrocystis,2024,0.06
15101,Macrocystis,2022,0.06
4202,Macrocystis,2022,0.06
1404,Bosques y matorrales,2020,0.06
2301,Bosques y matorrales,2019,0.06
10401,Marismas y humedales,2022,0.06
3304,Macrocystis,2024,0.06066198
3304,Macrocystis,2022,0.06066198
10103,Macrocystis,2023,0.060792555
8110,Macrocystis,2018,0.060970333
3303,Macrocystis,2023,0.061434316
3304,Macrocystis,2021,0.061442957
8110,Macrocystis,2017,0.062067799
3304,Macrocystis,2020,0.062548931
3304,Macrocystis,2019,0.063674811
5201,Macrocystis,2023,0.063928571
3304,Macrocystis,2018,0.064820958
10305,Bosques y matorrales,2021,0.065
4104,Macrocystis,2021,0.065210438
7203,Macrocystis,2021,0.065328232
8112,Macrocystis,2022,0.065625397
8112,Macrocystis,2021,0.065731788
3304,Macrocystis,2017,0.065987735
4104,Macrocystis,2020,0.066384226
7203,Macrocystis,2020,0.066504141
8112,Macrocystis,2020,0.066914961
4104,Macrocystis,2019,0.067579142
7203,Macrocystis,2019,0.067701215
8112,Macrocystis,2019,0.06811943
14106,Macrocystis,2023,0.068159375
4104,Macrocystis,2018,0.068795566
7203,Macrocystis,2018,0.068919837
1404,Marismas y humedales,2019,0.069
14201,Marismas y humedales,2023,0.069285714
8112,Macrocystis,2018,0.06934558
4104,Macrocystis,2023,0.069714751
8112,Macrocystis,2024,0.07
5102,Marismas y humedales,2024,0.07
10305,Marismas y humedales,2021,0.07
8107,Marismas y humedales,2017,0.07
8107,Marismas y humedales,2018,0.07
3101,Bosques y matorrales,2019,0.07
10205,Marismas y humedales,2024,0.07
3201,Macrocystis,2024,0.07
5104,Macrocystis,2022,0.07
1404,Marismas y humedales,2020,0.07
5201,Macrocystis,2020,0.07
5201,Macrocystis,2021,0.07
3102,Marismas y humedales,2019,0.07
11203,Marismas y humedales,2024,0.07
4104,Macrocystis,2017,0.070033887
7203,Macrocystis,2017,0.070160394
3102,Macrocystis,2021,0.070530381
8112,Macrocystis,2017,0.0705938
10305,Marismas y humedales,2023,0.070714286
3102,Macrocystis,2020,0.071799927
3102,Macrocystis,2019,0.073092326
2104,Macrocystis,2021,0.073561178
8106,Macrocystis,2023,0.074076675
3102,Macrocystis,2018,0.074407988
14106,Macrocystis,2021,0.074685609
2104,Macrocystis,2020,0.074885279
10104,Marismas y humedales,2018,0.075
8111,Macrocystis,2023,0.075471275
3102,Macrocystis,2017,0.075747332
14106,Macrocystis,2020,0.07602995
2104,Macrocystis,2019,0.076233214
14106,Macrocystis,2019,0.077398489
2104,Macrocystis,2018,0.077605412
16202,Macrocystis,2022,0.07822622
14106,Macrocystis,2018,0.078791662
12402,Macrocystis,2021,0.07889272
2104,Macrocystis,2017,0.079002309
4104,Macrocystis,2024,0.079674001
8206,Marismas y humedales,2024,0.08
5605,Macrocystis,2024,0.08
5101,Marismas y humedales,2024,0.08
10303,Marismas y humedales,2020,0.08
10303,Marismas y humedales,2021,0.08
1404,Bosques y matorrales,2021,0.08
14106,Macrocystis,2017,0.080209912
12402,Macrocystis,2020,0.080312789
12402,Macrocystis,2019,0.081758419
3303,Macrocystis,2024,0.081912421
3303,Macrocystis,2022,0.081912421
10103,Macrocystis,2021,0.082100285
3102,Macrocystis,2022,0.082543339
3303,Macrocystis,2021,0.082966983
12402,Macrocystis,2018,0.083230071
10103,Macrocystis,2020,0.08357809
3201,Bosques y matorrales,2020,0.084
14201,Macrocystis,2023,0.084047605
3303,Macrocystis,2020,0.084460389
12402,Macrocystis,2017,0.084728212
10204,Marismas y humedales,2018,0.085
10103,Macrocystis,2019,0.085082495
3303,Macrocystis,2019,0.085980676
10103,Macrocystis,2018,0.08661398
3303,Macrocystis,2018,0.087528328
2102,Macrocystis,2023,0.087894725
10103,Macrocystis,2017,0.088173032
10303,Macrocystis,2023,0.088654182
3303,Macrocystis,2017,0.089103838
4202,Macrocystis,2023,0.089683576
9118,Marismas y humedales,2022,0.09
8102,Marismas y humedales,2024,0.09
5105,Macrocystis,2024,0.09
10303,Playas y dunas,2017,0.09
10206,Playas y dunas,2019,0.09
10206,Playas y dunas,2020,0.09
10206,Playas y dunas,2021,0.09
8203,Playas y dunas,2022,0.09
14201,Marismas y humedales,2017,0.09
14201,Marismas y humedales,2021,0.09
14106,Macrocystis,2022,0.09
7102,Macrocystis,2022,0.09
8202,Macrocystis,2024,0.09
3304,Playas y dunas,2022,0.09
10102,Marismas y humedales,2022,0.09
2301,Bosques y matorrales,2022,0.09
2301,Marismas y humedales,2022,0.09
11202,Marismas y humedales,2022,0.09
11203,Marismas y humedales,2017,0.091904762
11203,Marismas y humedales,2018,0.091904762
11203,Marismas y humedales,2019,0.091904762
11203,Marismas y humedales,2020,0.091904762
11203,Marismas y humedales,2021,0.091904762
1101,Macrocystis,2023,0.092237542
4301,Macrocystis,2023,0.092453392
8106,Macrocystis,2021,0.094252623
10305,Marismas y humedales,2018,0.095
14201,Marismas y humedales,2018,0.095
8106,Macrocystis,2020,0.09594917
8106,Macrocystis,2019,0.097676255
5104,Marismas y humedales,2024,0.099
8106,Macrocystis,2018,0.099434428
14101,Macrocystis,2023,0.099441449
10104,Marismas y humedales,2019,0.1
14201,Marismas y humedales,2019,0.1
5401,Macrocystis,2024,0.1
10205,Marismas y humedales,2018,0.1
2102,Macrocystis,2024,0.100451114
5201,Macrocystis,2024,0.1008
8106,Macrocystis,2017,0.101224247
8111,Macrocystis,2021,0.101923882
8111,Macrocystis,2020,0.103758512
10305,Macrocystis,2022,0.10388823
8111,Macrocystis,2019,0.105626165
8207,Macrocystis,2023,0.106628361
8111,Macrocystis,2018,0.107527436
1404,Macrocystis,2023,0.107902936
12402,Playas y dunas,2023,0.109285714
8111,Macrocystis,2017,0.10946293
4202,Macrocystis,2021,0.109541875
10106,Macrocystis,2023,0.109579361
10204,Marismas y humedales,2019,0.11
14201,Marismas y humedales,2020,0.11
3303,Marismas y humedales,2024,0.11
8201,Macrocystis,2024,0.11
1404,Macrocystis,2024,0.11
2101,Marismas y humedales,2021,0.11
2101,Bosques y matorrales,2018,0.111
4202,Macrocystis,2020,0.111513629
5401,Marismas y humedales,2017,0.112857143
5401,Marismas y humedales,2018,0.112857143
5401,Marismas y humedales,2019,0.112857143
5401,Marismas y humedales,2020,0.112857143
5401,Marismas y humedales,2021,0.112857143
14201,Macrocystis,2021,0.113506207
4202,Macrocystis,2019,0.113520874
10305,Playas y dunas,2021,0.115
14201,Macrocystis,2020,0.115549318
4202,Macrocystis,2018,0.11556425
8111,Macrocystis,2022,0.116252885
10104,Marismas y humedales,2023,0.116428571
5201,Macrocystis,2017,0.116445714
5201,Macrocystis,2018,0.116445714
5201,Macrocystis,2019,0.116445714
1404,Marismas y humedales,2017,0.117
14201,Macrocystis,2019,0.117629206
4202,Macrocystis,2017,0.117644406
10303,Macrocystis,2024,0.118205577
10303,Macrocystis,2022,0.118205577
10303,Macrocystis,2021,0.119727385
14201,Macrocystis,2018,0.119746532
5103,Marismas y humedales,2024,0.12
12102,Marismas y humedales,2024,0.12
5602,Macrocystis,2024,0.12
5602,Marismas y humedales,2022,0.12
5105,Marismas y humedales,2024,0.12
10303,Playas y dunas,2020,0.12
10303,Playas y dunas,2021,0.12
9117,Marismas y humedales,2022,0.12
8111,Marismas y humedales,2024,0.12
10205,Playas y dunas,2017,0.12
10205,Playas y dunas,2018,0.12
10205,Playas y dunas,2019,0.12
10201,Macrocystis,2022,0.12
3303,Playas y dunas,2022,0.12
4104,Marismas y humedales,2022,0.12
10210,Macrocystis,2022,0.12
10209,Macrocystis,2022,0.12
10202,Macrocystis,2022,0.12
2101,Marismas y humedales,2019,0.12
16207,Marismas y humedales,2023,0.121428571
10303,Macrocystis,2020,0.121882478
14201,Macrocystis,2017,0.121901969
8207,Macrocystis,2022,0.123289555
10303,Macrocystis,2019,0.124076363
1101,Macrocystis,2021,0.12456671
4301,Macrocystis,2021,0.124858214
10303,Playas y dunas,2018,0.125
10103,Marismas y humedales,2023,0.125
1101,Macrocystis,2022,0.125414334
10306,Marismas y humedales,2023,0.125714286
10303,Macrocystis,2018,0.126309737
1101,Macrocystis,2020,0.12680891
4301,Macrocystis,2020,0.127105661
10303,Macrocystis,2017,0.128583313
1101,Macrocystis,2019,0.129091471
4301,Macrocystis,2019,0.129393563
8107,Marismas y humedales,2020,0.13
10104,Marismas y humedales,2020,0.13
1101,Macrocystis,2018,0.131415117
4301,Macrocystis,2018,0.131722647
10306,Macrocystis,2023,0.132196011
1101,Macrocystis,2017,0.133780589
4301,Macrocystis,2017,0.134093655
14101,Macrocystis,2021,0.134295578
8107,Bosques y matorrales,2021,0.136666667
14101,Macrocystis,2020,0.136712899
10203,Macrocystis,2021,0.137796431
8107,Macrocystis,2023,0.137956829
1404,Macrocystis,2022,0.139031927
14101,Macrocystis,2019,0.139173731
6206,Marismas y humedales,2024,0.14
10305,Marismas y humedales,2017,0.14
10305,Marismas y humedales,2020,0.14
6201,Macrocystis,2024,0.14
15102,Marismas y humedales,2024,0.14
10205,Marismas y humedales,2019,0.14
2301,Macrocystis,2024,0.14
1101,Macrocystis,2024,0.14
10203,Macrocystis,2020,0.140276766
10305,Playas y dunas,2023,0.141428571
14101,Macrocystis,2018,0.141678858
10203,Macrocystis,2019,0.142801748
8207,Macrocystis,2021,0.144001496
14101,Macrocystis,2017,0.144229077
10203,Macrocystis,2018,0.14537218
1404,Macrocystis,2021,0.145722808
10106,Macrocystis,2024,0.146105815
10106,Macrocystis,2022,0.146105815
8207,Macrocystis,2020,0.146593523
10106,Macrocystis,2021,0.147986818
10203,Macrocystis,2017,0.147988879
1404,Macrocystis,2020,0.148345818
12104,Marismas y humedales,2023,0.148571429
8207,Macrocystis,2019,0.149232206
10210,Marismas y humedales,2023,0.149285714
8112,Marismas y humedales,2022,0.15
12102,Playas y dunas,2018,0.15
6203,Marismas y humedales,2024,0.15
8106,Marismas y humedales,2022,0.15
10103,Marismas y humedales,2017,0.15
10103,Playas y dunas,2020,0.15
10103,Marismas y humedales,2021,0.15
10103,Bosques y matorrales,2022,0.15
3201,Marismas y humedales,2022,0.15
4102,Marismas y humedales,2022,0.15
4104,Macrocystis,2022,0.15
10106,Macrocystis,2020,0.150650581
10204,Marismas y humedales,2023,0.150714286
1404,Macrocystis,2019,0.151016043
8207,Macrocystis,2018,0.151918386
10106,Macrocystis,2019,0.153362291
1404,Macrocystis,2018,0.153734332
8207,Macrocystis,2017,0.154652917
10205,Macrocystis,2021,0.155270633
10106,Macrocystis,2018,0.156122813
1404,Macrocystis,2017,0.15650155
10205,Macrocystis,2020,0.158065504
10106,Macrocystis,2017,0.158933023
5601,Marismas y humedales,2024,0.16
8107,Marismas y humedales,2019,0.16
10104,Marismas y humedales,2021,0.16
10303,Playas y dunas,2019,0.16
10306,Marismas y humedales,2019,0.16
10207,Playas y dunas,2019,0.16
3102,Macrocystis,2024,0.16
3102,Bosques y matorrales,2021,0.16
12104,Playas y dunas,2023,0.16
10205,Macrocystis,2019,0.160910683
5104,Marismas y humedales,2020,0.1629
5104,Marismas y humedales,2021,0.1629
10205,Macrocystis,2018,0.163807076
10303,Marismas y humedales,2018,0.165
14106,Bosques y matorrales,2021,0.165
10205,Macrocystis,2017,0.166755603
10103,Marismas y humedales,2022,0.168571429
5603,Playas y dunas,2019,0.17
10109,Playas y dunas,2018,0.17
10109,Marismas y humedales,2023,0.17
8112,Playas y dunas,2018,0.17
10104,Playas y dunas,2019,0.17
12402,Playas y dunas,2017,0.17
9102,Marismas y humedales,2018,0.17
4102,Macrocystis,2024,0.17
3303,Bosques y matorrales,2024,0.17
5104,Macrocystis,2017,0.172874286
5104,Macrocystis,2018,0.172874286
5104,Macrocystis,2019,0.172874286
16203,Marismas y humedales,2021,0.175
10103,Marismas y humedales,2018,0.175
10204,Marismas y humedales,2022,0.175102041
10306,Macrocystis,2021,0.178530582
14201,Macrocystis,2022,0.178911548
6203,Marismas y humedales,2022,0.18
8107,Marismas y humedales,2021,0.18
7309,Marismas y humedales,2022,0.18
9102,Marismas y humedales,2019,0.18
9102,Marismas y humedales,2022,0.18
10103,Marismas y humedales,2024,0.18
4202,Playas y dunas,2022,0.18
10108,Marismas y humedales,2022,0.18
8201,Playas y dunas,2022,0.18
10102,Playas y dunas,2022,0.18
12302,Macrocystis,2022,0.18
11203,Marismas y humedales,2022,0.18
8107,Macrocystis,2021,0.180522708
4203,Macrocystis,2023,0.180989428
10306,Macrocystis,2020,0.181744132
8107,Playas y dunas,2023,0.182857143
14201,Marismas y humedales,2022,0.183469388
8107,Macrocystis,2020,0.183772116
10104,Playas y dunas,2018,0.185
10306,Macrocystis,2019,0.185015527
8107,Macrocystis,2019,0.187080014
2104,Macrocystis,2022,0.187965288
10306,Macrocystis,2018,0.188345806
16207,Marismas y humedales,2017,0.19
16207,Marismas y humedales,2019,0.19
16207,Marismas y humedales,2020,0.19
16207,Marismas y humedales,2021,0.19
5603,Playas y dunas,2018,0.19
14101,Marismas y humedales,2017,0.19
14101,Marismas y humedales,2018,0.19
14101,Marismas y humedales,2019,0.19
9102,Marismas y humedales,2020,0.19
4104,Bosques y matorrales,2021,0.19
8107,Macrocystis,2018,0.190447455
14101,Macrocystis,2022,0.190790227
5104,Marismas y humedales,2017,0.191411429
5104,Marismas y humedales,2018,0.191411429
5104,Marismas y humedales,2019,0.191411429
10306,Macrocystis,2017,0.191736031
8107,Macrocystis,2017,0.193875509
10206,Macrocystis,2023,0.195304022
5104,Marismas y humedales,2023,0.197257143
5605,Marismas y humedales,2024,0.2
10305,Playas y dunas,2019,0.2
8107,Playas y dunas,2024,0.2
10104,Playas y dunas,2017,0.2
9117,Macrocystis,2024,0.2
10103,Marismas y humedales,2019,0.2
10103,Marismas y humedales,2020,0.2
10205,Marismas y humedales,2020,0.2
10210,Marismas y humedales,2020,0.2
10210,Marismas y humedales,2021,0.2
10305,Marismas y humedales,2022,0.200816327
10204,Macrocystis,2023,0.201406518
10210,Playas y dunas,2023,0.202142857
8107,Marismas y humedales,2023,0.207142857
5603,Playas y dunas,2017,0.21
16203,Bosques y matorrales,2021,0.21
8102,Playas y dunas,2022,0.21
14201,Playas y dunas,2022,0.21
8111,Macrocystis,2024,0.21
14102,Playas y dunas,2022,0.21
4203,Playas y dunas,2022,0.21
8202,Marismas y humedales,2022,0.21
3303,Bosques y matorrales,2022,0.21
4301,Playas y dunas,2022,0.21
10210,Marismas y humedales,2017,0.21
10305,Playas y dunas,2018,0.215
10210,Marismas y humedales,2018,0.215
10109,Marismas y humedales,2019,0.22
8112,Playas y dunas,2021,0.22
9118,Playas y dunas,2020,0.22
9118,Playas y dunas,2021,0.22
10210,Marismas y humedales,2019,0.22
10210,Playas y dunas,2020,0.22
10210,Playas y dunas,2021,0.22
10109,Marismas y humedales,2024,0.23
8112,Playas y dunas,2019,0.23
8112,Playas y dunas,2020,0.23
9118,Macrocystis,2024,0.23
10305,Playas y dunas,2017,0.23
10305,Playas y dunas,2020,0.23
6205,Marismas y humedales,2024,0.23
10104,Playas y dunas,2020,0.23
14101,Bosques y matorrales,2021,0.23
12402,Playas y dunas,2018,0.235
8206,Bosques y matorrales,2021,0.24
5604,Bosques y matorrales,2021,0.24
5605,Bosques y matorrales,2021,0.24
7303,Marismas y humedales,2024,0.24
8112,Playas y dunas,2024,0.24
5403,Marismas y humedales,2024,0.24
7103,Playas y dunas,2022,0.24
5109,Playas y dunas,2017,0.24
14106,Macrocystis,2024,0.24
4101,Marismas y humedales,2022,0.24
2101,Bosques y matorrales,2022,0.24
11203,Playas y dunas,2022,0.24
10401,Playas y dunas,2022,0.24
4203,Macrocystis,2021,0.244426043
4203,Macrocystis,2020,0.248825712
8112,Playas y dunas,2017,0.25
9118,Marismas y humedales,2024,0.25
10201,Marismas y humedales,2020,0.25
2301,Macrocystis,2023,0.250579578
14101,Marismas y humedales,2023,0.252857143
4203,Macrocystis,2019,0.253304575
12102,Playas y dunas,2023,0.255714286
4203,Macrocystis,2018,0.257864057
9102,Macrocystis,2024,0.26
10205,Playas y dunas,2020,0.26
10205,Marismas y humedales,2021,0.26
2101,Bosques y matorrales,2024,0.26
4203,Macrocystis,2017,0.26250561
12102,Macrocystis,2023,0.26334543
10206,Macrocystis,2021,0.263757888
10109,Marismas y humedales,2021,0.265
10109,Marismas y humedales,2022,0.265
16203,Bentonico,2024,0.267686485
16203,Bentonico,2017,0.267686485
16203,Bentonico,2018,0.267686485
16203,Bentonico,2019,0.267686485
16203,Bentonico,2020,0.267686485
16203,Bentonico,2021,0.267686485
16203,Bentonico,2022,0.267686485
16203,Bentonico,2023,0.267686485
10206,Macrocystis,2020,0.26850553
10204,Macrocystis,2024,0.268542024
10204,Macrocystis,2022,0.268542024
5101,Marismas y humedales,2022,0.27
5401,Marismas y humedales,2024,0.27
9102,Playas y dunas,2022,0.27
10103,Playas y dunas,2024,0.27
10202,Marismas y humedales,2022,0.27
12302,Marismas y humedales,2022,0.27
11202,Playas y dunas,2022,0.27
8202,Macrocystis,2023,0.270106255
10204,Macrocystis,2021,0.271999302
10206,Macrocystis,2019,0.27333863
16203,Playas y dunas,2021,0.275
10204,Macrocystis,2020,0.27689529
5201,Macrocystis,2022,0.2775
10206,Macrocystis,2018,0.278258725
9118,Playas y dunas,2019,0.28
8111,Playas y dunas,2017,0.28
8111,Playas y dunas,2018,0.28
10306,Marismas y humedales,2018,0.28
10210,Playas y dunas,2017,0.28
10204,Macrocystis,2019,0.281879405
10206,Macrocystis,2017,0.283267382
10303,Marismas y humedales,2023,0.286428571
10204,Macrocystis,2018,0.286953234
5602,Marismas y humedales,2024,0.29
8106,Playas y dunas,2017,0.29
8106,Playas y dunas,2018,0.29
8106,Playas y dunas,2020,0.29
10104,Playas y dunas,2021,0.29
10209,Macrocystis,2024,0.29
12402,Playas y dunas,2022,0.290612245
10210,Marismas y humedales,2022,0.292040816
10204,Macrocystis,2017,0.292118393
8106,Playas y dunas,2021,0.295
16207,Marismas y humedales,2024,0.3
16203,Playas y dunas,2022,0.3
12102,Playas y dunas,2019,0.3
7103,Marismas y humedales,2024,0.3
5102,Marismas y humedales,2022,0.3
8106,Playas y dunas,2019,0.3
10104,Marismas y humedales,2022,0.3
10303,Marismas y humedales,2019,0.3
14101,Marismas y humedales,2020,0.3
14101,Marismas y humedales,2021,0.3
12402,Playas y dunas,2019,0.3
9102,Macrocystis,2022,0.3
10206,Macrocystis,2022,0.313204597
10210,Playas y dunas,2018,0.315
7102,Pastos marinos,2024,0.315347513
10101,Macrocystis,2023,0.317162881
7102,Pastos marinos,2023,0.319371595
10109,Macrocystis,2024,0.32
14101,Playas y dunas,2019,0.32
10103,Bosques y matorrales,2021,0.32
15102,Marismas y humedales,2017,0.32
8202,Macrocystis,2022,0.321550006
7102,Pastos marinos,2022,0.323447028
4203,Macrocystis,2022,0.32541649
8201,Macrocystis,2023,0.326671833
9102,Marismas y humedales,2023,0.327142857
7102,Pastos marinos,2021,0.3
10403,Macrocystis,2023,0.327991099
8112,Playas y dunas,2023,0.328571429
5109,Playas y dunas,2020,0.33
9116,Macrocystis,2024,0.33
16202,Macrocystis,2024,0.33
10108,Bosques y matorrales,2021,0.33
3303,Marismas y humedales,2020,0.33
10209,Playas y dunas,2019,0.33
4301,Macrocystis,2022,0.331375305
7102,Pastos marinos,2020,0.331701904
2301,Macrocystis,2021,0.332619619
5104,Marismas y humedales,2022,0.335
7102,Pastos marinos,2019,0.335881348
10306,Macrocystis,2022,0.338224013
2301,Macrocystis,2020,0.338606772
12102,Playas y dunas,2020,0.34
7102,Pastos marinos,2018,0.340113453
5201,Marismas y humedales,2020,0.342
5201,Marismas y humedales,2021,0.342
7102,Pastos marinos,2017,0.344398883
2301,Macrocystis,2019,0.344701694
14101,Playas y dunas,2018,0.345
8102,Macrocystis,2023,0.348145903
5201,Marismas y humedales,2023,0.349857143
10103,Playas y dunas,2019,0.35
10210,Playas y dunas,2019,0.35
2301,Bosques y matorrales,2023,0.35
2301,Macrocystis,2018,0.350906324
12102,Macrocystis,2021,0.355647741
14102,Macrocystis,2023,0.356019135
2301,Macrocystis,2017,0.357222638
5603,Playas y dunas,2020,0.36
8206,Marismas y humedales,2021,0.36
7303,Marismas y humedales,2022,0.36
7303,Playas y dunas,2022,0.36
5109,Playas y dunas,2021,0.36
5107,Macrocystis,2022,0.36
15102,Playas y dunas,2022,0.36
10403,Macrocystis,2021,0.361921713
12102,Macrocystis,2020,0.362049401
10201,Marismas y humedales,2023,0.363571429
8202,Macrocystis,2021,0.36477823
10306,Playas y dunas,2023,0.367142857
10403,Macrocystis,2020,0.368436304
12102,Macrocystis,2019,0.36856629
14101,Playas y dunas,2017,0.37
7102,Macrocystis,2024,0.37
3201,Marismas y humedales,2020,0.37
8202,Macrocystis,2020,0.371344238
1404,Marismas y humedales,2023,0.373714286
10403,Macrocystis,2019,0.375068157
12102,Macrocystis,2018,0.375200483
10306,Marismas y humedales,2022,0.376530612
8202,Macrocystis,2019,0.378028434
5601,Marismas y humedales,2018,0.38
14101,Marismas y humedales,2024,0.38
14101,Playas y dunas,2020,0.38
14101,Playas y dunas,2021,0.38
14102,Marismas y humedales,2024,0.38
10403,Macrocystis,2018,0.381819384
12102,Macrocystis,2017,0.381954092
8202,Macrocystis,2018,0.384832946
16203,Playas y dunas,2023,0.386428571
10403,Macrocystis,2017,0.388692133
8201,Macrocystis,2022,0.389053524
5603,Playas y dunas,2022,0.39
8108,Bosques y matorrales,2020,0.39
5405,Playas y dunas,2021,0.39
5102,Playas y dunas,2021,0.39
9118,Playas y dunas,2018,0.39
5107,Marismas y humedales,2022,0.39
3101,Marismas y humedales,2024,0.39
10203,Marismas y humedales,2024,0.39
10201,Marismas y humedales,2017,0.39
10207,Macrocystis,2022,0.39
10209,Playas y dunas,2018,0.39
10403,Bosques y matorrales,2021,0.39
8202,Macrocystis,2017,0.391759939
16203,Marismas y humedales,2023,0.393571429
16207,Playas y dunas,2021,0.395
8108,Bosques y matorrales,2019,0.4
5109,Bosques y matorrales,2021,0.4
10204,Marismas y humedales,2020,0.4
10204,Marismas y humedales,2021,0.4
10305,Macrocystis,2024,0.4
15102,Marismas y humedales,2020,0.4
15102,Marismas y humedales,2023,0.4
10205,Playas y dunas,2021,0.4
10306,Marismas y humedales,2017,0.4
2301,Bosques y matorrales,2024,0.4
10209,Playas y dunas,2023,0.401428571
8106,Playas y dunas,2023,0.402142857
8102,Macrocystis,2022,0.40502389
15102,Bosques y matorrales,2021,0.41
10102,Macrocystis,2024,0.41
14102,Playas y dunas,2023,0.411428571
10102,Macrocystis,2023,0.41630533
9116,Playas y dunas,2023,0.416428571
10206,Marismas y humedales,2023,0.417142857
15102,Bosques y matorrales,2019,0.42
3303,Marismas y humedales,2019,0.42
10403,Macrocystis,2022,0.42
5601,Marismas y humedales,2023,0.422857143
5201,Marismas y humedales,2024,0.4266
5201,Marismas y humedales,2017,0.427591429
5201,Marismas y humedales,2018,0.427591429
5201,Marismas y humedales,2019,0.427591429
10101,Macrocystis,2021,0.428328156
5109,Playas y dunas,2023,0.428571429
5103,Playas y dunas,2017,0.43
16203,Playas y dunas,2020,0.43
5102,Playas y dunas,2020,0.43
6201,Marismas y humedales,2024,0.43
8106,Marismas y humedales,2023,0.431428571
10203,Macrocystis,2023,0.432033715
10101,Macrocystis,2020,0.436038063
10103,Macrocystis,2022,0.438048634
9117,Pastos marinos,2024,0.439686267
8112,Bosques y matorrales,2021,0.44
15101,Bosques y matorrales,2024,0.44
8201,Macrocystis,2021,0.441169986
10101,Macrocystis,2019,0.443886748
10201,Marismas y humedales,2018,0.445
9117,Pastos marinos,2023,0.445297009
8201,Macrocystis,2020,0.449111046
16207,Playas y dunas,2019,0.45
5103,Marismas y humedales,2021,0.45
8108,Bosques y matorrales,2018,0.45
9102,Bosques y matorrales,2021,0.45
14106,Marismas y humedales,2021,0.45
4101,Marismas y humedales,2024,0.45
14102,Playas y dunas,2019,0.45
4301,Bosques y matorrales,2022,0.45
10209,Playas y dunas,2017,0.45
9117,Pastos marinos,2022,0.450979349
10101,Macrocystis,2018,0.451876709
9117,Pastos marinos,2021,0.5
8201,Macrocystis,2019,0.457195045
16203,Playas y dunas,2019,0.46
8106,Marismas y humedales,2021,0.46
12402,Marismas y humedales,2024,0.46
14102,Playas y dunas,2018,0.46
10201,Marismas y humedales,2024,0.46
10101,Macrocystis,2017,0.46001049
9117,Pastos marinos,2020,0.462489051
8201,Macrocystis,2018,0.465424556
9117,Pastos marinos,2019,0.468316413
10209,Macrocystis,2023,0.468366616
16203,Playas y dunas,2018,0.47
16203,Marismas y humedales,2019,0.47
16203,Marismas y humedales,2020,0.47
8108,Bosques y matorrales,2023,0.47
5605,Marismas y humedales,2021,0.47
10303,Marismas y humedales,2024,0.47
14102,Playas y dunas,2017,0.47
15101,Bosques y matorrales,2017,0.47
3303,Bosques y matorrales,2021,0.47
3102,Bosques y matorrales,2019,0.47
8102,Macrocystis,2021,0.470170697
8201,Macrocystis,2017,0.473802198
9117,Pastos marinos,2018,0.4742172
10104,Playas y dunas,2023,0.475
8102,Macrocystis,2020,0.47863377
8107,Macrocystis,2024,0.48
8110,Playas y dunas,2022,0.48
7202,Marismas y humedales,2024,0.48
8111,Playas y dunas,2019,0.48
4101,Bosques y matorrales,2022,0.48
3101,Marismas y humedales,2023,0.48
10306,Playas y dunas,2017,0.48
9117,Pastos marinos,2017,0.480192337
14102,Macrocystis,2021,0.480803488
10201,Marismas y humedales,2021,0.48122449
10101,Macrocystis,2022,0.482471864
8102,Macrocystis,2019,0.487249178
14102,Macrocystis,2020,0.489457951
16207,Playas y dunas,2020,0.49
16203,Marismas y humedales,2024,0.49
5601,Bosques y matorrales,2024,0.49
10306,Playas y dunas,2018,0.49
10209,Playas y dunas,2020,0.49
10209,Playas y dunas,2021,0.49
8102,Macrocystis,2018,0.496019663
14102,Macrocystis,2019,0.498268194
5603,Playas y dunas,2023,0.498571429
1404,Marismas y humedales,2021,0.499952381
1404,Marismas y humedales,2022,0.499952381
5103,Playas y dunas,2020,0.5
7103,Marismas y humedales,2019,0.5
9118,Playas y dunas,2017,0.5
9116,Playas y dunas,2017,0.5
10206,Marismas y humedales,2017,0.5
15102,Bosques y matorrales,2024,0.5
10201,Marismas y humedales,2019,0.5
10306,Playas y dunas,2019,0.5
3304,Marismas y humedales,2019,0.5
4102,Bosques y matorrales,2024,0.5
8102,Macrocystis,2017,0.504948017
7103,Marismas y humedales,2021,0.506666667
14102,Macrocystis,2018,0.507237021
14106,Marismas y humedales,2023,0.507857143
5107,Marismas y humedales,2024,0.51
14201,Bosques y matorrales,2021,0.515
14102,Macrocystis,2017,0.516367288
1101,Bosques y matorrales,2023,0.518571429
16203,Marismas y humedales,2022,0.519795918
8106,Marismas y humedales,2020,0.52
15101,Marismas y humedales,2018,0.52
4101,Bosques y matorrales,2024,0.53
16207,Playas y dunas,2023,0.532142857
10102,Macrocystis,2022,0.534348949
15101,Pastos marinos,2024,0.537458188
5605,Marismas y humedales,2022,0.54
8110,Bosques y matorrales,2021,0.54
6205,Marismas y humedales,2022,0.54
14101,Macrocystis,2024,0.54
10103,Playas y dunas,2022,0.54
2102,Macrocystis,2022,0.54
2101,Marismas y humedales,2024,0.54
15101,Pastos marinos,2023,0.544316576
9116,Playas y dunas,2018,0.545
16207,Playas y dunas,2018,0.55
5103,Playas y dunas,2021,0.55
8106,Marismas y humedales,2019,0.55
14106,Playas y dunas,2021,0.55
15101,Marismas y humedales,2020,0.55
10306,Playas y dunas,2020,0.55
10306,Playas y dunas,2021,0.55
3201,Bosques y matorrales,2017,0.55
9118,Marismas y humedales,2023,0.550714286
15101,Pastos marinos,2022,0.551262484
10207,Playas y dunas,2018,0.555
10206,Marismas y humedales,2024,0.556190476
10206,Marismas y humedales,2022,0.556190476
15101,Pastos marinos,2021,0.6
5109,Playas y dunas,2018,0.56
10206,Marismas y humedales,2018,0.56
10106,Playas y dunas,2017,0.56
10106,Playas y dunas,2021,0.56
8111,Playas y dunas,2024,0.56
3102,Bosques y matorrales,2018,0.561
10102,Macrocystis,2021,0.562219936
15101,Pastos marinos,2020,0.565331569
10103,Playas y dunas,2023,0.566428571
5405,Playas y dunas,2019,0.57
14106,Marismas y humedales,2019,0.57
2104,Marismas y humedales,2024,0.57
10102,Macrocystis,2020,0.572339894
15101,Pastos marinos,2019,0.572454747
9116,Marismas y humedales,2023,0.572857143
10207,Marismas y humedales,2023,0.575
10106,Playas y dunas,2023,0.577142857
15101,Pastos marinos,2018,0.579667676
16203,Marismas y humedales,2018,0.58
14201,Macrocystis,2024,0.58
14102,Playas y dunas,2020,0.58
10102,Macrocystis,2019,0.582642012
14102,Marismas y humedales,2023,0.585
15101,Pastos marinos,2017,0.586971489
5601,Playas y dunas,2019,0.59
5405,Playas y dunas,2020,0.59
9116,Playas y dunas,2019,0.59
5601,Marismas y humedales,2017,0.59047619
5601,Marismas y humedales,2022,0.59047619
10102,Macrocystis,2018,0.593129569
1101,Bosques y matorrales,2021,0.595510204
5103,Playas y dunas,2024,0.6
5603,Bosques y matorrales,2021,0.6
8206,Marismas y humedales,2018,0.6
12102,Marismas y humedales,2019,0.6
9118,Marismas y humedales,2020,0.6
9118,Marismas y humedales,2021,0.6
5107,Playas y dunas,2022,0.6
14101,Marismas y humedales,2022,0.6
15102,Marismas y humedales,2019,0.6
3102,Marismas y humedales,2020,0.6
1101,Marismas y humedales,2022,0.6
5601,Playas y dunas,2023,0.602857143
10101,Marismas y humedales,2023,0.602857143
10102,Macrocystis,2017,0.603805901
2102,Marismas y humedales,2023,0.607142857
10209,Macrocystis,2021,0.609377238
5603,Marismas y humedales,2021,0.61
12102,Macrocystis,2022,0.613823348
5603,Bosques y matorrales,2024,0.62
10206,Marismas y humedales,2019,0.62
10206,Marismas y humedales,2020,0.62
10206,Marismas y humedales,2021,0.62
3101,Bosques y matorrales,2024,0.62
2301,Marismas y humedales,2020,0.62
10209,Macrocystis,2020,0.620346029
5102,Bosques y matorrales,2022,0.63
5109,Playas y dunas,2022,0.63
7202,Playas y dunas,2022,0.63
10206,Macrocystis,2024,0.63
10201,Playas y dunas,2020,0.63
15101,Marismas y humedales,2022,0.63
3304,Bosques y matorrales,2021,0.63
4301,Marismas y humedales,2024,0.63
4104,Marismas y humedales,2020,0.63
10209,Macrocystis,2019,0.631512257
10207,Playas y dunas,2023,0.632142857
16207,Playas y dunas,2017,0.64
5601,Playas y dunas,2020,0.64
5601,Playas y dunas,2021,0.64
9116,Playas y dunas,2020,0.64
9116,Playas y dunas,2021,0.64
10102,Playas y dunas,2023,0.642142857
10209,Macrocystis,2018,0.642879478
9102,Marismas y humedales,2017,0.65
8206,Marismas y humedales,2023,0.651428571
10209,Macrocystis,2017,0.654451308
10209,Playas y dunas,2022,0.66
14102,Marismas y humedales,2017,0.66
3304,Bosques y matorrales,2020,0.665
16207,Playas y dunas,2024,0.67
8108,Marismas y humedales,2018,0.67
8106,Marismas y humedales,2017,0.67
8106,Marismas y humedales,2018,0.67
3102,Marismas y humedales,2021,0.67
14102,Macrocystis,2022,0.674021868
8206,Playas y dunas,2021,0.675
7103,Bosques y matorrales,2021,0.675
5201,Marismas y humedales,2022,0.6775
5103,Bosques y matorrales,2019,0.68
5103,Marismas y humedales,2019,0.68
10109,Playas y dunas,2024,0.68
16202,Marismas y humedales,2024,0.68
1101,Marismas y humedales,2020,0.68
9117,Playas y dunas,2023,0.681428571
14106,Playas y dunas,2023,0.685714286
7203,Playas y dunas,2022,0.69
10401,Bosques y matorrales,2021,0.69
5605,Marismas y humedales,2019,0.7
9116,Marismas y humedales,2017,0.7
5101,Playas y dunas,2017,0.7
5101,Bosques y matorrales,2021,0.7
15102,Marismas y humedales,2018,0.7
3101,Marismas y humedales,2018,0.705
3101,Marismas y humedales,2020,0.705
5104,Macrocystis,2024,0.7083
10201,Macrocystis,2023,0.709090223
8110,Marismas y humedales,2020,0.71
8110,Marismas y humedales,2021,0.71
14102,Playas y dunas,2021,0.71
3303,Bosques y matorrales,2019,0.71
12102,Playas y dunas,2017,0.714285714
12102,Playas y dunas,2022,0.714285714
8108,Marismas y humedales,2019,0.72
5102,Playas y dunas,2019,0.72
15102,Bosques y matorrales,2020,0.72
15102,Marismas y humedales,2021,0.72
3303,Marismas y humedales,2021,0.72
1404,Bosques y matorrales,2018,0.72
8108,Playas y dunas,2023,0.72
14102,Marismas y humedales,2022,0.722857143
10103,Playas y dunas,2018,0.725
8108,Marismas y humedales,2023,0.728571429
5103,Marismas y humedales,2017,0.73
5103,Marismas y humedales,2018,0.73
8108,Marismas y humedales,2020,0.73
8108,Marismas y humedales,2021,0.73
9116,Marismas y humedales,2018,0.73
14201,Marismas y humedales,2024,0.73
10106,Marismas y humedales,2020,0.73
15102,Bosques y matorrales,2018,0.73
4202,Macrocystis,2024,0.73
14106,Marismas y humedales,2018,0.735
5603,Marismas y humedales,2020,0.74
5101,Playas y dunas,2018,0.74
10205,Macrocystis,2024,0.74
8108,Playas y dunas,2018,0.75
8110,Marismas y humedales,2018,0.75
14106,Marismas y humedales,2022,0.75755102
5601,Marismas y humedales,2019,0.76
5102,Playas y dunas,2018,0.76
9116,Marismas y humedales,2019,0.76
14102,Marismas y humedales,2018,0.765
9116,Marismas y humedales,2022,0.768979592
16203,Playas y dunas,2017,0.77
9118,Marismas y humedales,2019,0.77
10101,Marismas y humedales,2020,0.77
10207,Marismas y humedales,2017,0.77
10202,Macrocystis,2023,0.771764245
9117,Playas y dunas,2019,0.78
9117,Playas y dunas,2020,0.78
9117,Playas y dunas,2021,0.78
10209,Playas y dunas,2024,0.78
2102,Marismas y humedales,2022,0.78
2102,Playas y dunas,2022,0.78
10102,Playas y dunas,2017,0.78
10102,Playas y dunas,2021,0.78
10208,Marismas y humedales,2022,0.78
9118,Playas y dunas,2023,0.787142857
8108,Bosques y matorrales,2022,0.79
9117,Playas y dunas,2018,0.79
3102,Bosques y matorrales,2020,0.79
10207,Marismas y humedales,2018,0.795
5603,Marismas y humedales,2017,0.8
5102,Playas y dunas,2017,0.8
9116,Marismas y humedales,2024,0.8
9117,Playas y dunas,2017,0.8
4104,Marismas y humedales,2017,0.8
10201,Playas y dunas,2023,0.802857143
5103,Marismas y humedales,2020,0.81
5603,Marismas y humedales,2018,0.81
8206,Marismas y humedales,2019,0.81
4203,Marismas y humedales,2024,0.81
10101,Marismas y humedales,2019,0.81
7103,Marismas y humedales,2020,0.82
14102,Bosques y matorrales,2021,0.82
10207,Marismas y humedales,2019,0.82
10207,Marismas y humedales,2020,0.82
10207,Marismas y humedales,2021,0.82
5103,Marismas y humedales,2023,0.828571429
4203,Macrocystis,2024,0.83
10203,Marismas y humedales,2023,0.832142857
16203,Playas y dunas,2024,0.84
12102,Marismas y humedales,2023,0.84
5602,Playas y dunas,2022,0.84
10305,Marismas y humedales,2024,0.84
8107,Marismas y humedales,2022,0.84
9117,Playas y dunas,2022,0.84
10106,Playas y dunas,2020,0.84
6201,Marismas y humedales,2022,0.84
10201,Macrocystis,2024,0.84
10101,Macrocystis,2024,0.84
7103,Marismas y humedales,2023,0.842380952
10102,Playas y dunas,2018,0.845
5103,Playas y dunas,2019,0.85
10104,Playas y dunas,2024,0.85
10101,Marismas y humedales,2018,0.85
3304,Bosques y matorrales,2024,0.85
10210,Marismas y humedales,2024,0.85
10208,Bosques y matorrales,2021,0.85
10108,Macrocystis,2023,0.853771092
9118,Marismas y humedales,2018,0.855
8111,Playas y dunas,2020,0.86
8111,Playas y dunas,2021,0.86
10101,Marismas y humedales,2021,0.86
16207,Bosques y matorrales,2021,0.87
8206,Playas y dunas,2022,0.87
14102,Marismas y humedales,2019,0.87
10207,Playas y dunas,2020,0.87
10207,Playas y dunas,2021,0.87
8206,Marismas y humedales,2020,0.88
5109,Playas y dunas,2019,0.88
7202,Marismas y humedales,2017,0.88
10106,Playas y dunas,2018,0.88
10101,Playas y dunas,2020,0.88
3304,Marismas y humedales,2024,0.88
2104,Macrocystis,2024,0.88
14102,Marismas y humedales,2020,0.89
2104,Bosques y matorrales,2024,0.89
11202,Macrocystis,2022,0.9
14106,Marismas y humedales,2017,0.9
14106,Marismas y humedales,2020,0.9
10108,Marismas y humedales,2017,0.9
10108,Marismas y humedales,2021,0.9
3201,Marismas y humedales,2023,0.905714286
5103,Bosques y matorrales,2024,0.91
5601,Marismas y humedales,2020,0.91
5601,Marismas y humedales,2021,0.91
9118,Bosques y matorrales,2021,0.91
9116,Marismas y humedales,2020,0.91
9116,Marismas y humedales,2021,0.91
7203,Marismas y humedales,2024,0.91
14102,Marismas y humedales,2021,0.91
10102,Playas y dunas,2019,0.91
15101,Bosques y matorrales,2020,0.915
10106,Playas y dunas,2022,0.916734694
11203,Playas y dunas,2017,0.918095238
11203,Playas y dunas,2018,0.918095238
11203,Playas y dunas,2019,0.918095238
11203,Playas y dunas,2020,0.918095238
11203,Playas y dunas,2021,0.918095238
8106,Marismas y humedales,2024,0.92
9102,Marismas y humedales,2021,0.92
10109,Marismas y humedales,2017,0.93
10101,Marismas y humedales,2017,0.93
10201,Macrocystis,2021,0.934474231
12104,Marismas y humedales,2017,0.936190476
12104,Marismas y humedales,2018,0.936190476
12104,Marismas y humedales,2020,0.936190476
12104,Marismas y humedales,2021,0.936190476
12104,Marismas y humedales,2022,0.936190476
7303,Playas y dunas,2017,0.94
9118,Marismas y humedales,2017,0.94
5101,Playas y dunas,2021,0.94
5602,Pastos marinos,2024,0.94392983
10207,Playas y dunas,2017,0.95
8107,Marismas y humedales,2024,0.95
10201,Macrocystis,2020,0.951294767
5602,Pastos marinos,2023,0.955975116
2101,Bosques y matorrales,2020,0.957
10201,Marismas y humedales,2022,0.96
7203,Playas y dunas,2023,0.964285714
5602,Pastos marinos,2022,0.96817411
10201,Macrocystis,2019,0.968418073
10207,Marismas y humedales,2022,0.97
8108,Marismas y humedales,2024,0.971428571
8108,Marismas y humedales,2022,0.971428571
10102,Marismas y humedales,2023,0.972857143
8110,Marismas y humedales,2023,0.974285714
12102,Marismas y humedales,2022,0.977142857
5601,Playas y dunas,2018,0.98
8108,Playas y dunas,2019,0.98
8108,Playas y dunas,2020,0.98
8108,Playas y dunas,2021,0.98
14106,Playas y dunas,2019,0.98
10203,Macrocystis,2024,0.98
3201,Bosques y matorrales,2018,0.98
5602,Pastos marinos,2021,1.0
10201,Macrocystis,2018,0.985849598
3102,Marismas y humedales,2024,0.99
5602,Pastos marinos,2020,0.992883435
10106,Marismas y humedales,2023,0.997142857
12102,Playas y dunas,2021,1.0
8110,Marismas y humedales,2019,1.0
10403,Marismas y humedales,2019,1.0
10102,Playas y dunas,2020,1.0
10201,Macrocystis,2017,1.003594891
5602,Pastos marinos,2019,1.005393766
10203,Marismas y humedales,2022,1.006734694
9102,Bosques y matorrales,2017,1.01
10202,Marismas y humedales,2024,1.01
5602,Pastos marinos,2018,1.018061728
10202,Macrocystis,2021,1.019115435
8107,Playas y dunas,2022,1.02
6205,Bosques y matorrales,2022,1.02
10207,Playas y dunas,2022,1.02
3201,Marismas y humedales,2017,1.03
5602,Pastos marinos,2017,1.030889305
3201,Marismas y humedales,2024,1.035102041
5103,Bosques y matorrales,2023,1.035714286
15101,Bosques y matorrales,2018,1.036
10202,Macrocystis,2020,1.037459513
8102,Playas y dunas,2017,1.04
14106,Playas y dunas,2018,1.04
10203,Marismas y humedales,2020,1.04
12104,Marismas y humedales,2019,1.04
8102,Playas y dunas,2023,1.045714286
2301,Marismas y humedales,2023,1.047142857
8108,Playas y dunas,2022,1.048571429
12102,Marismas y humedales,2018,1.05
10202,Macrocystis,2019,1.056133784
16203,Marismas y humedales,2017,1.06
5109,Playas y dunas,2024,1.06
5603,Bosques y matorrales,2017,1.07
14201,Playas y dunas,2020,1.07
4102,Marismas y humedales,2024,1.07
10202,Macrocystis,2018,1.075144192
5603,Bosques y matorrales,2018,1.08
6206,Playas y dunas,2022,1.08
5102,Bosques y matorrales,2021,1.08
14101,Bosques y matorrales,2022,1.08
3102,Bosques y matorrales,2024,1.08
6205,Playas y dunas,2017,1.09
6205,Playas y dunas,2018,1.09
15102,Bosques y matorrales,2017,1.09
10210,Macrocystis,2024,1.09
10202,Macrocystis,2017,1.094496788
5109,Marismas y humedales,2021,1.1
14106,Playas y dunas,2017,1.1
14106,Playas y dunas,2020,1.1
10103,Playas y dunas,2017,1.1
10103,Playas y dunas,2021,1.1
15101,Marismas y humedales,2021,1.1
10108,Playas y dunas,2017,1.1
10108,Playas y dunas,2021,1.1
5405,Playas y dunas,2022,1.11
8207,Marismas y humedales,2024,1.11
1101,Bosques y matorrales,2022,1.11
3101,Bosques y matorrales,2023,1.118571429
5103,Bosques y matorrales,2020,1.12
6206,Playas y dunas,2019,1.12
12104,Playas y dunas,2019,1.12
12302,Macrocystis,2023,1.120375602
10209,Marismas y humedales,2023,1.127857143
7103,Marismas y humedales,2018,1.13
6205,Bosques y matorrales,2017,1.13
8201,Marismas y humedales,2024,1.13
8112,Marismas y humedales,2023,1.131428571
10205,Macrocystis,2023,1.134972786
5603,Bosques y matorrales,2020,1.14
16203,Bosques y matorrales,2022,1.14
10203,Marismas y humedales,2019,1.14
1404,Bosques y matorrales,2017,1.14
10108,Macrocystis,2022,1.140024106
5109,Marismas y humedales,2019,1.15
5109,Marismas y humedales,2020,1.15
10108,Macrocystis,2024,1.15
10108,Macrocystis,2021,1.153017013
8206,Playas y dunas,2023,1.155
12402,Playas y dunas,2024,1.16
10403,Marismas y humedales,2018,1.165
5601,Playas y dunas,2022,1.166122449
8102,Playas y dunas,2018,1.17
6205,Bosques y matorrales,2021,1.17
10108,Macrocystis,2020,1.17377132
10403,Marismas y humedales,2023,1.182142857
10203,Marismas y humedales,2018,1.185
8203,Marismas y humedales,2024,1.19
10106,Marismas y humedales,2024,1.19
10108,Macrocystis,2019,1.194899203
14201,Playas y dunas,2023,1.197142857
16207,Playas y dunas,2022,1.2
10109,Bosques y matorrales,2021,1.2
5605,Bosques y matorrales,2022,1.2
8112,Playas y dunas,2022,1.2
5405,Playas y dunas,2017,1.2
5405,Bosques y matorrales,2021,1.2
10106,Playas y dunas,2019,1.2
2301,Marismas y humedales,2019,1.203877551
8110,Playas y dunas,2023,1.209285714
8112,Marismas y humedales,2024,1.21
2102,Marismas y humedales,2024,1.214285714
2102,Marismas y humedales,2019,1.214285714
2102,Marismas y humedales,2020,1.214285714
2102,Marismas y humedales,2021,1.214285714
10108,Macrocystis,2018,1.216407389
10205,Marismas y humedales,2023,1.218571429
12102,Marismas y humedales,2020,1.23
6206,Playas y dunas,2018,1.23
12402,Marismas y humedales,2020,1.23
12402,Marismas y humedales,2021,1.23
6201,Bosques y matorrales,2022,1.23
10203,Marismas y humedales,2017,1.23
10203,Marismas y humedales,2021,1.23
10108,Macrocystis,2017,1.238302722
14106,Marismas y humedales,2024,1.24
10201,Playas y dunas,2021,1.24
10104,Marismas y humedales,2024,1.25
4202,Marismas y humedales,2024,1.25
5403,Bosques y matorrales,2022,1.26
4104,Playas y dunas,2022,1.26
10209,Marismas y humedales,2020,1.27
10209,Marismas y humedales,2021,1.27
6206,Playas y dunas,2023,1.277142857
8112,Marismas y humedales,2018,1.28
8102,Playas y dunas,2019,1.3
8202,Playas y dunas,2018,1.3
10102,Marismas y humedales,2017,1.3
10102,Marismas y humedales,2021,1.3
10106,Marismas y humedales,2022,1.309591837
10201,Playas y dunas,2024,1.31
10306,Macrocystis,2024,1.31
5604,Marismas y humedales,2021,1.32
10303,Bosques y matorrales,2022,1.32
2101,Bosques y matorrales,2023,1.324571429
10403,Marismas y humedales,2017,1.33
10403,Marismas y humedales,2021,1.33
12301,Marismas y humedales,2024,1.33
8110,Playas y dunas,2018,1.34
3101,Bosques y matorrales,2017,1.34
2102,Marismas y humedales,2018,1.34
6205,Playas y dunas,2019,1.345
5604,Marismas y humedales,2023,1.348571429
8108,Playas y dunas,2017,1.35
6206,Playas y dunas,2017,1.35
8106,Playas y dunas,2022,1.35
10303,Marismas y humedales,2022,1.35
10102,Marismas y humedales,2018,1.35
12303,Macrocystis,2022,1.35
16207,Bosques y matorrales,2018,1.36
6205,Bosques y matorrales,2019,1.36
3101,Bosques y matorrales,2021,1.366938776
5103,Bosques y matorrales,2017,1.37
5103,Bosques y matorrales,2018,1.37
5601,Playas y dunas,2017,1.37
6206,Bosques y matorrales,2021,1.37
10102,Marismas y humedales,2020,1.37
11201,Bosques y matorrales,2021,1.375
8112,Marismas y humedales,2021,1.38
5602,Playas y dunas,2023,1.38
10209,Marismas y humedales,2024,1.38
8112,Marismas y humedales,2020,1.39
5604,Playas y dunas,2017,1.4
5604,Playas y dunas,2018,1.4
5605,Playas y dunas,2017,1.4
5605,Playas y dunas,2018,1.4
8112,Marismas y humedales,2019,1.4
8106,Bosques y matorrales,2021,1.4
8111,Marismas y humedales,2017,1.4
8111,Marismas y humedales,2018,1.4
10102,Marismas y humedales,2019,1.4
10106,Marismas y humedales,2017,1.42
10106,Marismas y humedales,2021,1.42
10208,Playas y dunas,2019,1.42
6205,Playas y dunas,2021,1.43
10210,Macrocystis,2023,1.439115746
10403,Marismas y humedales,2020,1.44
11202,Playas y dunas,2017,1.44
12104,Macrocystis,2023,1.452568598
4301,Bosques y matorrales,2024,1.46
8207,Playas y dunas,2022,1.47
12302,Macrocystis,2021,1.478339022
5606,Marismas y humedales,2024,1.48
12301,Bosques y matorrales,2021,1.48
11202,Playas y dunas,2018,1.49
16207,Bosques y matorrales,2020,1.5
12102,Marismas y humedales,2017,1.5
12102,Marismas y humedales,2021,1.5
5602,Bosques y matorrales,2021,1.5
8202,Playas y dunas,2022,1.5
2102,Bosques y matorrales,2017,1.5
10403,Playas y dunas,2019,1.5
12302,Macrocystis,2020,1.504949124
5604,Bosques y matorrales,2023,1.507142857
16207,Bosques y matorrales,2019,1.51
9102,Marismas y humedales,2024,1.51
10209,Marismas y humedales,2017,1.51
10209,Bosques y matorrales,2021,1.52
12302,Macrocystis,2019,1.532038209
7309,Playas y dunas,2024,1.54
9117,Marismas y humedales,2024,1.54
11202,Playas y dunas,2019,1.54
5604,Marismas y humedales,2022,1.549795918
2101,Bosques y matorrales,2021,1.550938776
11202,Playas y dunas,2023,1.558571429
12302,Macrocystis,2018,1.559614896
8102,Playas y dunas,2020,1.56
5101,Playas y dunas,2024,1.56
8111,Bosques y matorrales,2022,1.56
10205,Playas y dunas,2024,1.56
15101,Playas y dunas,2022,1.56
10206,Playas y dunas,2023,1.562142857
5603,Marismas y humedales,2023,1.57
4104,Bosques y matorrales,2019,1.57
8108,Playas y dunas,2024,1.58
7202,Bosques y matorrales,2021,1.58
4301,Macrocystis,2024,1.58
8110,Playas y dunas,2021,1.585
12302,Macrocystis,2017,1.587687965
14201,Bosques y matorrales,2022,1.59
11203,Macrocystis,2022,1.59
7103,Bosques y matorrales,2019,1.6
6205,Playas y dunas,2020,1.6
15101,Marismas y humedales,2019,1.6
12302,Marismas y humedales,2019,1.6
8110,Playas y dunas,2020,1.61
10106,Marismas y humedales,2018,1.61
12104,Marismas y humedales,2024,1.62
2104,Marismas y humedales,2022,1.62
10101,Marismas y humedales,2022,1.620408163
8110,Marismas y humedales,2022,1.629183673
10306,Marismas y humedales,2024,1.63
9117,Marismas y humedales,2023,1.634285714
5603,Bosques y matorrales,2019,1.64
8206,Bosques y matorrales,2018,1.65
7103,Bosques y matorrales,2018,1.65
7309,Playas y dunas,2020,1.65
7309,Playas y dunas,2021,1.65
8206,Bosques y matorrales,2019,1.67
3201,Playas y dunas,2022,1.68
4102,Playas y dunas,2022,1.68
5604,Marismas y humedales,2019,1.69
5105,Playas y dunas,2024,1.69
5602,Playas y dunas,2017,1.7
8110,Playas y dunas,2019,1.7
7309,Playas y dunas,2019,1.7
14201,Playas y dunas,2017,1.7
14201,Playas y dunas,2021,1.7
6206,Marismas y humedales,2023,1.701428571
3303,Marismas y humedales,2023,1.701428571
10208,Playas y dunas,2018,1.72
5602,Playas y dunas,2018,1.75
8110,Playas y dunas,2017,1.75
7309,Playas y dunas,2018,1.75
2301,Pastos marinos,2024,1.759918906
6206,Playas y dunas,2020,1.76
8111,Marismas y humedales,2020,1.76
8111,Marismas y humedales,2021,1.76
5603,Bosques y matorrales,2023,1.762857143
8108,Bosques y matorrales,2024,1.77
5602,Playas y dunas,2020,1.77
15101,Bosques y matorrales,2019,1.77
10209,Marismas y humedales,2018,1.775
8206,Bosques y matorrales,2020,1.78
5601,Bosques y matorrales,2017,1.78
12302,Marismas y humedales,2024,1.78
2301,Pastos marinos,2023,1.782376854
6206,Marismas y humedales,2018,1.79
8206,Playas y dunas,2018,1.8
6203,Playas y dunas,2020,1.8
5602,Playas y dunas,2019,1.8
5602,Playas y dunas,2021,1.8
14201,Playas y dunas,2018,1.8
10106,Playas y dunas,2024,1.8
10106,Marismas y humedales,2019,1.8
10203,Bosques y matorrales,2021,1.8
2301,Pastos marinos,2022,1.805121383
8206,Playas y dunas,2019,1.807142857
10205,Bosques y matorrales,2021,1.82
2301,Pastos marinos,2021,1.8
9116,Playas y dunas,2022,1.83877551
8206,Marismas y humedales,2017,1.85
5105,Playas y dunas,2020,1.85
2301,Pastos marinos,2020,1.851190918
15102,Bosques y matorrales,2023,1.857142857
14102,Macrocystis,2024,1.87
10101,Playas y dunas,2021,1.87
2301,Pastos marinos,2019,1.874515924
6203,Playas y dunas,2017,1.89
6203,Playas y dunas,2018,1.89
2301,Pastos marinos,2018,1.898134825
5604,Marismas y humedales,2017,1.9
5604,Marismas y humedales,2018,1.9
14201,Playas y dunas,2019,1.9
6203,Bosques y matorrales,2021,1.905
6203,Playas y dunas,2023,1.915714286
6206,Marismas y humedales,2019,1.92
10210,Macrocystis,2021,1.920372976
2301,Pastos marinos,2017,1.922051323
7303,Playas y dunas,2021,1.94
5105,Playas y dunas,2021,1.94
7309,Playas y dunas,2017,1.95
12303,Playas y dunas,2020,1.95
12303,Playas y dunas,2021,1.95
10210,Macrocystis,2020,1.95493969
6206,Marismas y humedales,2020,1.96
3303,Marismas y humedales,2022,1.960204082
12104,Macrocystis,2021,1.961692451
3304,Marismas y humedales,2021,1.97
5405,Bosques y matorrales,2022,1.98
2101,Marismas y humedales,2020,1.98
10210,Macrocystis,2019,1.990128604
12104,Macrocystis,2020,1.997002915
8108,Bosques y matorrales,2017,2.0
5403,Bosques y matorrales,2021,2.0
6206,Marismas y humedales,2021,2.0
7202,Playas y dunas,2021,2.0
7203,Playas y dunas,2017,2.0
7203,Playas y dunas,2018,2.0
7103,Bosques y matorrales,2020,2.01
8111,Marismas y humedales,2019,2.01
10403,Marismas y humedales,2022,2.01
12301,Macrocystis,2022,2.01
5603,Playas y dunas,2024,2.02
10208,Playas y dunas,2017,2.02
10210,Macrocystis,2018,2.025950919
8102,Bosques y matorrales,2021,2.026666667
8206,Playas y dunas,2020,2.03
9117,Marismas y humedales,2020,2.03
9117,Marismas y humedales,2021,2.03
12104,Macrocystis,2019,2.032948967
8102,Playas y dunas,2021,2.04
7203,Playas y dunas,2019,2.04
10209,Marismas y humedales,2019,2.04
5109,Bosques y matorrales,2023,2.048571429
5604,Bosques y matorrales,2017,2.05
6203,Playas y dunas,2021,2.05
5102,Playas y dunas,2024,2.06
10210,Macrocystis,2017,2.062418036
12104,Macrocystis,2018,2.069542049
8112,Bosques y matorrales,2017,2.07
8207,Playas y dunas,2023,2.087142857
5604,Bosques y matorrales,2018,2.09
12302,Macrocystis,2024,2.1
2104,Bosques y matorrales,2022,2.1
12303,Playas y dunas,2019,2.1
15102,Pastos marinos,2024,2.103059551
12104,Macrocystis,2017,2.106793806
7309,Playas y dunas,2023,2.108571429
6203,Playas y dunas,2024,2.11
10208,Playas y dunas,2020,2.12
10208,Playas y dunas,2021,2.12
15102,Pastos marinos,2023,2.129896244
4202,Bosques y matorrales,2024,2.13
2102,Marismas y humedales,2017,2.13
5604,Bosques y matorrales,2019,2.14
7303,Playas y dunas,2020,2.14
10208,Playas y dunas,2024,2.14
8111,Marismas y humedales,2023,2.145714286
4104,Marismas y humedales,2023,2.148571429
5405,Playas y dunas,2023,2.151428571
15102,Pastos marinos,2022,2.157075394
15101,Marismas y humedales,2023,2.157142857
9118,Bosques y matorrales,2022,2.16
5603,Playas y dunas,2021,2.17
12104,Macrocystis,2022,2.182935541
15102,Pastos marinos,2021,2.2
12102,Macrocystis,2024,2.19
10207,Marismas y humedales,2024,2.19
2301,Bosques y matorrales,2017,2.19
10108,Playas y dunas,2020,2.2
10108,Marismas y humedales,2023,2.202142857
16203,Bosques y matorrales,2018,2.21
6205,Playas y dunas,2024,2.21
15102,Pastos marinos,2020,2.212127348
5201,Playas y dunas,2024,2.2239
16203,Bosques y matorrales,2020,2.23
8207,Playas y dunas,2018,2.23
5109,Marismas y humedales,2023,2.237142857
12102,Playas y dunas,2024,2.24
15102,Pastos marinos,2019,2.240000153
16207,Bosques y matorrales,2023,2.247142857
16203,Bosques y matorrales,2019,2.25
8108,Marismas y humedales,2017,2.25
10104,Playas y dunas,2022,2.25
10108,Playas y dunas,2023,2.252142857
15102,Pastos marinos,2018,2.268224155
9117,Marismas y humedales,2019,2.28
3303,Bosques y matorrales,2023,2.29
15102,Pastos marinos,2017,2.296803779
10203,Macrocystis,2022,2.31
8112,Marismas y humedales,2017,2.32
8207,Playas y dunas,2019,2.32
3102,Marismas y humedales,2023,2.32
5605,Marismas y humedales,2023,2.324285714
16202,Playas y dunas,2023,2.332142857
5401,Playas y dunas,2022,2.34
10401,Macrocystis,2022,2.34
5604,Playas y dunas,2021,2.35
5605,Playas y dunas,2021,2.35
7303,Marismas y humedales,2023,2.352142857
6206,Playas y dunas,2024,2.36
1404,Marismas y humedales,2018,2.36
10101,Playas y dunas,2019,2.363636364
16203,Bosques y matorrales,2023,2.364285714
6201,Playas y dunas,2021,2.373333333
7303,Playas y dunas,2023,2.378571429
10101,Playas y dunas,2023,2.387662338
6203,Playas y dunas,2019,2.39
5103,Marismas y humedales,2022,2.4
6206,Playas y dunas,2021,2.4
10207,Bosques y matorrales,2021,2.4
12103,Bosques y matorrales,2021,2.4
5605,Bosques y matorrales,2023,2.408571429
1101,Bosques y matorrales,2017,2.41
9102,Playas y dunas,2023,2.411428571
10208,Playas y dunas,2023,2.414285714
10202,Marismas y humedales,2023,2.419047619
9117,Marismas y humedales,2018,2.42
10208,Marismas y humedales,2024,2.44
12402,Marismas y humedales,2023,2.462142857
15101,Marismas y humedales,2024,2.465306122
7202,Playas y dunas,2019,2.47
11203,Playas y dunas,2024,2.48
5109,Bosques y matorrales,2020,2.5
7202,Playas y dunas,2020,2.5
10204,Bosques y matorrales,2021,2.51
7103,Bosques y matorrales,2023,2.533571429
5401,Bosques y matorrales,2022,2.55
3102,Playas y dunas,2022,2.55
9117,Marismas y humedales,2017,2.56
11202,Playas y dunas,2020,2.57
12301,Macrocystis,2023,2.57953482
7202,Playas y dunas,2018,2.58
10103,Macrocystis,2024,2.58
10102,Marismas y humedales,2024,2.58
12303,Playas y dunas,2018,2.585
10401,Macrocystis,2023,2.589531571
5605,Marismas y humedales,2017,2.6
1101,Marismas y humedales,2018,2.6
10202,Playas y dunas,2023,2.607142857
10109,Bosques y matorrales,2023,2.627142857
5604,Marismas y humedales,2020,2.63
5605,Marismas y humedales,2020,2.64
5109,Bosques y matorrales,2018,2.64
3101,Bosques y matorrales,2022,2.64
8102,Marismas y humedales,2019,2.65
3303,Bosques y matorrales,2020,2.65
11203,Macrocystis,2023,2.655307581
3303,Bosques y matorrales,2017,2.66
5103,Bosques y matorrales,2022,2.67
5105,Playas y dunas,2022,2.67
3304,Bosques y matorrales,2019,2.67
15101,Bosques y matorrales,2021,2.68
10202,Macrocystis,2024,2.7
2104,Marismas y humedales,2017,2.7
8206,Playas y dunas,2017,2.71
4104,Bosques y matorrales,2017,2.73
3201,Bosques y matorrales,2023,2.747714286
8202,Marismas y humedales,2024,2.76
12104,Bosques y matorrales,2023,2.775714286
8207,Playas y dunas,2017,2.79
3102,Marismas y humedales,2022,2.792857143
5604,Bosques y matorrales,2024,2.81
4203,Bosques y matorrales,2022,2.82
7303,Marismas y humedales,2018,2.83
7203,Bosques y matorrales,2022,2.85
12402,Marismas y humedales,2022,2.879591837
10210,Playas y dunas,2024,2.88
6205,Playas y dunas,2023,2.895
5109,Bosques y matorrales,2017,2.9
5109,Bosques y matorrales,2019,2.9
8207,Playas y dunas,2020,2.9
8207,Playas y dunas,2021,2.9
10101,Bosques y matorrales,2021,2.9
4104,Marismas y humedales,2018,2.9
2301,Marismas y humedales,2018,2.9
7103,Marismas y humedales,2017,2.91
10203,Playas y dunas,2022,2.91
7102,Playas y dunas,2022,2.91
7303,Marismas y humedales,2021,2.945
5101,Playas y dunas,2023,2.964285714
5109,Marismas y humedales,2024,2.982857143
5109,Marismas y humedales,2022,2.982857143
5109,Bosques y matorrales,2022,3.0
8207,Bosques y matorrales,2022,3.0
3102,Bosques y matorrales,2017,3.01
5109,Bosques y matorrales,2024,3.02
10202,Marismas y humedales,2021,3.023333333
16202,Playas y dunas,2018,3.03
10401,Macrocystis,2021,3.045707292
10108,Playas y dunas,2022,3.06
12303,Playas y dunas,2017,3.07
7303,Playas y dunas,2024,3.09
3304,Marismas y humedales,2020,3.09
10202,Marismas y humedales,2020,3.09
12301,Macrocystis,2021,3.095873071
7103,Playas y dunas,2019,3.1
10401,Macrocystis,2020,3.100530024
10202,Playas y dunas,2017,3.11
10202,Playas y dunas,2018,3.11
10108,Playas y dunas,2018,3.135
7303,Marismas y humedales,2020,3.14
16202,Playas y dunas,2019,3.14
1101,Marismas y humedales,2023,3.141428571
3201,Bosques y matorrales,2021,3.143102041
7103,Playas y dunas,2023,3.148571429
12301,Macrocystis,2020,3.151598786
3304,Bosques y matorrales,2023,3.153571429
10401,Macrocystis,2019,3.156339564
5105,Playas y dunas,2023,3.165714286
10108,Playas y dunas,2024,3.18
12303,Bosques y matorrales,2021,3.18
10109,Playas y dunas,2019,3.19
3102,Bosques y matorrales,2023,3.190142857
12301,Macrocystis,2019,3.208327564
10401,Macrocystis,2018,3.213153676
8203,Bosques y matorrales,2021,3.235
16202,Playas y dunas,2021,3.245
10108,Marismas y humedales,2018,3.245
12301,Macrocystis,2018,3.26607746
10401,Macrocystis,2017,3.270990442
11203,Macrocystis,2021,3.27923405
8107,Bosques y matorrales,2020,3.3
8110,Playas y dunas,2024,3.3
3101,Marismas y humedales,2022,3.3
10109,Bosques y matorrales,2018,3.31
12301,Macrocystis,2017,3.324866855
11203,Macrocystis,2020,3.338260263
5601,Playas y dunas,2024,3.34
10210,Bosques y matorrales,2021,3.36
8107,Bosques y matorrales,2019,3.38
12102,Bosques y matorrales,2023,3.388571429
6203,Playas y dunas,2022,3.39
11203,Macrocystis,2019,3.398348948
7303,Marismas y humedales,2019,3.4
7103,Playas y dunas,2020,3.4
16202,Playas y dunas,2020,3.4
7102,Marismas y humedales,2024,3.4
8206,Playas y dunas,2024,3.41
3304,Marismas y humedales,2018,3.43
5201,Playas y dunas,2023,3.433457143
8107,Bosques y matorrales,2017,3.45
8107,Bosques y matorrales,2018,3.45
16202,Playas y dunas,2017,3.45
11203,Macrocystis,2018,3.459519229
10202,Marismas y humedales,2017,3.46
10202,Marismas y humedales,2018,3.46
12402,Macrocystis,2022,3.463905667
6201,Playas y dunas,2020,3.47
12301,Playas y dunas,2019,3.48
5605,Bosques y matorrales,2017,3.49
8102,Marismas y humedales,2017,3.5
11203,Macrocystis,2017,3.521790575
10401,Marismas y humedales,2023,3.555
1404,Playas y dunas,2022,3.57
10206,Playas y dunas,2018,3.575
5605,Bosques y matorrales,2018,3.58
5105,Playas y dunas,2017,3.6
5105,Playas y dunas,2018,3.6
4104,Marismas y humedales,2021,3.6
11202,Playas y dunas,2021,3.6
8110,Marismas y humedales,2024,3.61
12301,Playas y dunas,2020,3.61
7103,Playas y dunas,2018,3.62
10202,Marismas y humedales,2019,3.63
3304,Pastos marinos,2024,3.638877325
8110,Marismas y humedales,2017,3.65
10201,Playas y dunas,2022,3.66
12104,Macrocystis,2024,3.66
16202,Marismas y humedales,2023,3.684285714
3304,Pastos marinos,2023,3.685312259
7103,Playas y dunas,2021,3.7
8203,Marismas y humedales,2018,3.7
8201,Marismas y humedales,2017,3.7
8201,Marismas y humedales,2018,3.7
2301,Marismas y humedales,2017,3.7
8206,Bosques y matorrales,2017,3.73
3101,Bosques y matorrales,2018,3.73
10202,Playas y dunas,2019,3.73
3304,Pastos marinos,2022,3.73233974
5602,Marismas y humedales,2023,3.732857143
5605,Bosques y matorrales,2019,3.75
10207,Macrocystis,2023,3.767488289
11202,Marismas y humedales,2024,3.77
3304,Pastos marinos,2021,3.8
8203,Bosques y matorrales,2022,3.78
8203,Marismas y humedales,2023,3.781428571
7303,Marismas y humedales,2017,3.79
7203,Marismas y humedales,2023,3.802857143
3304,Marismas y humedales,2023,3.812857143
3304,Pastos marinos,2020,3.827594916
3304,Pastos marinos,2019,3.875822612
3303,Pastos marinos,2024,3.879100199
12402,Marismas y humedales,2019,3.89
9118,Playas y dunas,2022,3.9
10202,Playas y dunas,2020,3.9
3304,Pastos marinos,2018,3.924657977
3303,Pastos marinos,2023,3.928600567
10206,Bosques y matorrales,2021,3.93
16202,Marismas y humedales,2021,3.93
10203,Playas y dunas,2023,3.942142857
8111,Bosques y matorrales,2021,3.95
5604,Bosques y matorrales,2020,3.97
3304,Pastos marinos,2017,3.974108668
3303,Pastos marinos,2022,3.978732597
3303,Pastos marinos,2021,4.0
12103,Playas y dunas,2020,4.03
12103,Playas y dunas,2021,4.03
10109,Playas y dunas,2023,4.034285714
8206,Bosques y matorrales,2023,4.047142857
4104,Bosques y matorrales,2020,4.06
7303,Playas y dunas,2018,4.07
7202,Bosques y matorrales,2024,4.07
3303,Pastos marinos,2020,4.080276107
7203,Marismas y humedales,2017,4.09
7203,Marismas y humedales,2021,4.09
16207,Bentonico,2024,4.110164303
16207,Bentonico,2017,4.110164303
16207,Bentonico,2018,4.110164303
16207,Bentonico,2019,4.110164303
16207,Bentonico,2020,4.110164303
16207,Bentonico,2021,4.110164303
16207,Bentonico,2022,4.110164303
16207,Bentonico,2023,4.110164303
6203,Marismas y humedales,2023,4.128571429
3303,Pastos marinos,2019,4.131687586
10101,Playas y dunas,2018,4.16
6205,Bosques y matorrales,2023,4.177142857
6206,Marismas y humedales,2017,4.18
7203,Marismas y humedales,2018,4.18
3303,Pastos marinos,2018,4.18374685
12301,Playas y dunas,2018,4.205
8207,Bosques y matorrales,2021,4.21
5602,Bosques y matorrales,2019,4.22
10101,Playas y dunas,2022,4.225899814
8201,Bosques y matorrales,2021,4.226666667
3303,Pastos marinos,2017,4.23646206
10305,Playas y dunas,2022,4.23877551
7203,Marismas y humedales,2019,4.27
5604,Playas y dunas,2020,4.3
5605,Playas y dunas,2020,4.3
6201,Playas y dunas,2019,4.3
10205,Playas y dunas,2023,4.307142857
16202,Marismas y humedales,2022,4.307755102
15101,Bosques y matorrales,2023,4.341571429
9102,Playas y dunas,2024,4.35
10202,Playas y dunas,2021,4.37
10102,Bosques y matorrales,2021,4.4
12302,Bosques y matorrales,2021,4.4
12103,Macrocystis,2023,4.410885912
5405,Marismas y humedales,2018,4.45
10202,Playas y dunas,2024,4.45
10403,Marismas y humedales,2024,4.46
5405,Marismas y humedales,2023,4.464285714
5109,Marismas y humedales,2018,4.47
3304,Marismas y humedales,2022,4.483265306
5405,Marismas y humedales,2017,4.5
12201,Bosques y matorrales,2021,4.5
5605,Bosques y matorrales,2024,4.53
5605,Bosques y matorrales,2020,4.6
5107,Bosques y matorrales,2021,4.6
10108,Marismas y humedales,2020,4.6
8201,Playas y dunas,2023,4.628095238
16207,Bosques y matorrales,2024,4.64
7202,Playas y dunas,2023,4.654285714
8203,Playas y dunas,2023,4.658571429
14106,Bentonico,2024,4.672330013
14106,Bentonico,2017,4.672330013
14106,Bentonico,2018,4.672330013
14106,Bentonico,2019,4.672330013
14106,Bentonico,2020,4.672330013
14106,Bentonico,2021,4.672330013
14106,Bentonico,2022,4.672330013
14106,Bentonico,2023,4.672330013
12103,Playas y dunas,2023,4.682142857
16202,Marismas y humedales,2019,4.7
3201,Marismas y humedales,2018,4.7
3304,Bosques y matorrales,2017,4.7
12103,Playas y dunas,2017,4.7
10109,Playas y dunas,2022,4.707755102
8111,Playas y dunas,2023,4.71
10401,Marismas y humedales,2019,4.72
9102,Playas y dunas,2019,4.728285714
9102,Playas y dunas,2020,4.728285714
9102,Playas y dunas,2021,4.728285714
2104,Marismas y humedales,2020,4.73
3303,Marismas y humedales,2018,4.74
10203,Playas y dunas,2019,4.75
10203,Playas y dunas,2018,4.775
10203,Playas y dunas,2017,4.8
10203,Playas y dunas,2021,4.8
5107,Bosques y matorrales,2024,4.82
5604,Playas y dunas,2019,4.83
5605,Playas y dunas,2019,4.83
10401,Marismas y humedales,2018,4.895
8203,Marismas y humedales,2019,4.9
10208,Marismas y humedales,2023,4.900714286
10109,Bosques y matorrales,2020,4.92
8201,Marismas y humedales,2023,4.92
12402,Marismas y humedales,2018,4.925
12301,Playas y dunas,2017,4.93
12301,Playas y dunas,2021,4.93
10202,Bosques y matorrales,2021,4.943333333
6201,Playas y dunas,2017,4.98
16207,Bosques y matorrales,2022,5.01
10207,Macrocystis,2021,5.012747109
16202,Marismas y humedales,2020,5.05
10401,Marismas y humedales,2017,5.07
10401,Marismas y humedales,2020,5.07
10401,Marismas y humedales,2021,5.07
5602,Marismas y humedales,2017,5.08
5602,Marismas y humedales,2018,5.08
5105,Bosques y matorrales,2021,5.08
10207,Macrocystis,2020,5.102976557
5405,Marismas y humedales,2022,5.109183673
10106,Bosques y matorrales,2021,5.11
6203,Marismas y humedales,2020,5.12
8203,Marismas y humedales,2021,5.12
10201,Bosques y matorrales,2021,5.14
16202,Marismas y humedales,2018,5.17
10108,Marismas y humedales,2024,5.17
10108,Playas y dunas,2019,5.17
6203,Marismas y humedales,2021,5.18
10207,Macrocystis,2019,5.194830135
10208,Macrocystis,2023,5.199363093
5101,Playas y dunas,2019,5.22
5101,Playas y dunas,2020,5.23
5602,Marismas y humedales,2019,5.25
6206,Bosques y matorrales,2020,5.27
5201,Playas y dunas,2017,5.277811429
5201,Playas y dunas,2018,5.277811429
5201,Playas y dunas,2019,5.277811429
10207,Macrocystis,2018,5.288337077
5101,Marismas y humedales,2023,5.298571429
12102,Bosques y matorrales,2017,5.3
5602,Marismas y humedales,2020,5.3
5602,Marismas y humedales,2021,5.3
8201,Marismas y humedales,2019,5.3
7202,Marismas y humedales,2023,5.33
8102,Marismas y humedales,2023,5.341666667
5201,Playas y dunas,2022,5.3525
10207,Macrocystis,2017,5.383527145
5605,Playas y dunas,2024,5.42
8112,Bosques y matorrales,2022,5.43
10403,Playas y dunas,2022,5.43
16207,Bosques y matorrales,2017,5.48
7309,Bosques y matorrales,2021,5.53
6201,Playas y dunas,2018,5.53
10203,Playas y dunas,2020,5.56
11303,Playas y dunas,2018,5.565
9116,Pastos marinos,2024,5.575627948
10108,Marismas y humedales,2019,5.59
4101,Playas y dunas,2018,5.61
9116,Pastos marinos,2023,5.646777343
8203,Playas y dunas,2018,5.67
5102,Playas y dunas,2023,5.684285714
5101,Marismas y humedales,2018,5.7
8203,Playas y dunas,2019,5.7
3303,Marismas y humedales,2017,5.7
12102,Bosques y matorrales,2021,5.708095238
12102,Bosques y matorrales,2022,5.708095238
9116,Pastos marinos,2022,5.71883466
10207,Macrocystis,2024,5.75
8201,Playas y dunas,2017,5.76
8201,Playas y dunas,2018,5.76
7103,Bosques y matorrales,2017,5.77
8201,Marismas y humedales,2022,5.784285714
9116,Pastos marinos,2021,5.8
5101,Marismas y humedales,2017,5.8
9116,Pastos marinos,2020,5.864788309
12102,Bosques y matorrales,2018,5.9
8207,Marismas y humedales,2018,5.9
10401,Playas y dunas,2019,5.9
5107,Marismas y humedales,2023,5.907142857
9116,Pastos marinos,2019,5.938684642
5107,Bosques y matorrales,2020,5.95
12103,Macrocystis,2021,5.956897048
12402,Marismas y humedales,2017,5.96
8207,Marismas y humedales,2023,5.977142857
9116,Pastos marinos,2018,6.013512068
5102,Marismas y humedales,2023,6.014761905
12102,Bosques y matorrales,2020,6.02
8203,Marismas y humedales,2020,6.02
7103,Bosques y matorrales,2022,6.03
6206,Bosques y matorrales,2018,6.03
12402,Bosques y matorrales,2020,6.03
7309,Playas y dunas,2022,6.06
12103,Macrocystis,2020,6.064121194
9116,Pastos marinos,2017,6.08928232
6203,Marismas y humedales,2017,6.1
6203,Marismas y humedales,2018,6.1
8201,Playas y dunas,2019,6.1
8102,Marismas y humedales,2022,6.117619048
2101,Marismas y humedales,2023,6.121428571
12303,Marismas y humedales,2022,6.15
12103,Macrocystis,2019,6.173275376
4104,Bosques y matorrales,2023,6.194285714
5405,Marismas y humedales,2019,6.2
4101,Bosques y matorrales,2021,6.2
10208,Marismas y humedales,2019,6.2
5401,Playas y dunas,2023,6.2
10109,Playas y dunas,2020,6.21
3304,Bosques y matorrales,2018,6.21
6203,Marismas y humedales,2019,6.22
12303,Playas y dunas,2023,6.229285714
12101,Bosques y matorrales,2021,6.23
10401,Playas y dunas,2023,6.248571429
8202,Bosques y matorrales,2020,6.26
12103,Macrocystis,2018,6.284394333
5604,Playas y dunas,2024,6.3
5405,Bosques y matorrales,2023,6.382857143
10208,Marismas y humedales,2020,6.39
10208,Marismas y humedales,2021,6.39
12103,Macrocystis,2017,6.397513431
5103,Playas y dunas,2018,6.4
2104,Marismas y humedales,2019,6.4
8202,Marismas y humedales,2023,6.415714286
7303,Bosques y matorrales,2021,6.43
7203,Bosques y matorrales,2024,6.46
6206,Bosques y matorrales,2019,6.48
12102,Bosques y matorrales,2019,6.5
10101,Marismas y humedales,2024,6.52
10403,Playas y dunas,2020,6.53
7103,Bosques y matorrales,2024,6.56
8203,Playas y dunas,2017,6.6
8102,Marismas y humedales,2021,6.628333333
5602,Bosques y matorrales,2024,6.63
8207,Marismas y humedales,2019,6.64
8111,Marismas y humedales,2022,6.69
8203,Marismas y humedales,2017,6.7
1404,Bosques y matorrales,2023,6.734714286
5109,Bentonico,2024,6.737173423
5109,Bentonico,2017,6.737173423
5109,Bentonico,2018,6.737173423
5109,Bentonico,2019,6.737173423
5109,Bentonico,2020,6.737173423
5109,Bentonico,2021,6.737173423
5109,Bentonico,2022,6.737173423
5109,Bentonico,2023,6.737173423
8102,Bosques y matorrales,2022,6.75
8201,Bosques y matorrales,2022,6.75
9116,Bosques y matorrales,2024,6.77
7102,Bosques y matorrales,2021,6.793333333
7309,Marismas y humedales,2023,6.8
5105,Marismas y humedales,2023,6.801428571
5603,Bosques y matorrales,2022,6.81
7202,Bosques y matorrales,2022,6.81
8206,Bosques y matorrales,2024,6.83
8102,Bosques y matorrales,2023,6.841904762
5105,Bosques y matorrales,2024,6.87
5103,Playas y dunas,2023,6.887142857
10208,Marismas y humedales,2018,6.915
5401,Playas y dunas,2024,6.94
16202,Marismas y humedales,2017,6.94
7202,Bentonico,2024,6.9480726
7202,Bentonico,2017,6.9480726
7202,Bentonico,2018,6.9480726
7202,Bentonico,2019,6.9480726
7202,Bentonico,2020,6.9480726
7202,Bentonico,2021,6.9480726
7202,Bentonico,2022,6.9480726
7202,Bentonico,2023,6.9480726
5602,Bosques y matorrales,2020,6.96
10109,Bosques y matorrales,2022,6.973877551
4104,Marismas y humedales,2019,6.99
8202,Marismas y humedales,2020,7.0
6205,Marismas y humedales,2023,7.003571429
8207,Playas y dunas,2024,7.01
10208,Macrocystis,2021,7.015946845
8201,Playas y dunas,2020,7.03
8203,Playas y dunas,2021,7.05
8102,Marismas y humedales,2020,7.053333333
10206,Playas y dunas,2017,7.06
2101,Marismas y humedales,2022,7.073061224
4104,Bosques y matorrales,2024,7.079183673
10205,Macrocystis,2022,7.14
12102,Bosques y matorrales,2024,7.14
10208,Macrocystis,2020,7.142233889
6201,Playas y dunas,2024,7.15
5602,Bosques y matorrales,2023,7.178571429
5101,Marismas y humedales,2019,7.18
5101,Marismas y humedales,2020,7.18
3304,Bosques y matorrales,2022,7.2
7303,Playas y dunas,2019,7.2
8110,Bosques y matorrales,2022,7.23
11203,Bosques y matorrales,2023,7.242857143
10206,Playas y dunas,2024,7.26
10208,Macrocystis,2019,7.270794099
5405,Marismas y humedales,2020,7.4
5107,Marismas y humedales,2017,7.4
5107,Marismas y humedales,2018,7.4
3102,Marismas y humedales,2018,7.4
10208,Macrocystis,2018,7.401668392
10101,Playas y dunas,2017,7.44
5101,Bentonico,2024,7.474301777
5101,Bentonico,2017,7.474301777
5101,Bentonico,2018,7.474301777
5101,Bentonico,2019,7.474301777
5101,Bentonico,2020,7.474301777
5101,Bentonico,2021,7.474301777
5101,Bentonico,2022,7.474301777
5101,Bentonico,2023,7.474301777
8112,Bosques y matorrales,2023,7.481428571
4203,Playas y dunas,2023,7.491428571
12303,Macrocystis,2023,7.498062159
5602,Bosques y matorrales,2017,7.5
8203,Playas y dunas,2020,7.5
3102,Marismas y humedales,2017,7.5
10208,Playas y dunas,2022,7.5
10208,Macrocystis,2017,7.534898423
5401,Playas y dunas,2020,7.54
4101,Bosques y matorrales,2023,7.552857143
8201,Playas y dunas,2021,7.566666667
7202,Marismas y humedales,2018,7.57
5602,Bosques y matorrales,2018,7.6
5102,Marismas y humedales,2017,7.6
5102,Marismas y humedales,2018,7.6
5102,Marismas y humedales,2019,7.6
5401,Playas y dunas,2021,7.6
10208,Marismas y humedales,2017,7.63
5403,Bosques y matorrales,2020,7.65
5105,Marismas y humedales,2017,7.66
5107,Bosques y matorrales,2017,7.68
5201,Playas y dunas,2020,7.6896
5201,Playas y dunas,2021,7.6896
1404,Bosques y matorrales,2024,7.696816327
5105,Marismas y humedales,2018,7.7
5401,Playas y dunas,2019,7.7
10205,Marismas y humedales,2022,7.77
5107,Bosques y matorrales,2018,7.78
7202,Marismas y humedales,2019,7.78
5109,Marismas y humedales,2017,7.79
5105,Marismas y humedales,2022,7.790204082
8202,Marismas y humedales,2018,7.8
5403,Bosques y matorrales,2023,7.831428571
5405,Bosques y matorrales,2020,7.86
2104,Marismas y humedales,2023,7.878571429
7203,Bosques y matorrales,2021,7.88
5105,Bosques y matorrales,2023,7.891428571
10401,Playas y dunas,2018,7.9
5101,Playas y dunas,2022,7.92
16202,Playas y dunas,2024,7.94
2101,Bosques y matorrales,2017,7.952
7103,Playas y dunas,2017,7.98
5603,Marismas y humedales,2019,8.0
5606,Playas y dunas,2018,8.0
12103,Playas y dunas,2019,8.015
8102,Bosques y matorrales,2019,8.04
5107,Marismas y humedales,2019,8.05
5606,Playas y dunas,2024,8.12
16203,Bosques y matorrales,2024,8.13
10303,Playas y dunas,2024,8.21
7203,Bosques y matorrales,2018,8.24
4101,Playas y dunas,2017,8.25
5107,Playas y dunas,2023,8.301428571
6201,Marismas y humedales,2023,8.303333333
5107,Marismas y humedales,2021,8.34
5105,Bosques y matorrales,2020,8.45
6203,Bosques y matorrales,2022,8.46
5107,Bosques y matorrales,2019,8.46
5105,Playas y dunas,2019,8.5
16203,Bosques y matorrales,2017,8.51
8102,Bosques y matorrales,2020,8.566666667
6205,Marismas y humedales,2021,8.6
11201,Playas y dunas,2019,8.64
5105,Bosques y matorrales,2019,8.69
6206,Bosques y matorrales,2023,8.691428571
5405,Marismas y humedales,2021,8.7
11303,Macrocystis,2022,8.73
7202,Marismas y humedales,2020,8.8
5104,Playas y dunas,2023,8.810728571
8202,Bosques y matorrales,2017,8.87
4101,Bosques y matorrales,2020,8.88
5107,Playas y dunas,2018,8.9
4203,Playas y dunas,2018,8.9
6203,Bosques y matorrales,2023,8.917857143
10109,Bosques y matorrales,2017,8.92
10403,Playas y dunas,2023,8.926428571
2101,Marismas y humedales,2018,8.97
7309,Marismas y humedales,2019,8.99
4203,Playas y dunas,2017,9.0
8202,Marismas y humedales,2019,9.0
14102,Playas y dunas,2024,9.01
12401,Macrocystis,2022,9.06
5403,Bosques y matorrales,2024,9.11
5107,Playas y dunas,2017,9.11
5401,Playas y dunas,2017,9.11
5401,Playas y dunas,2018,9.11
9116,Bosques y matorrales,2022,9.12
10102,Bosques y matorrales,2022,9.18
10109,Playas y dunas,2021,9.23
5102,Marismas y humedales,2020,9.23
8102,Bosques y matorrales,2018,9.26
6205,Marismas y humedales,2017,9.3
6205,Marismas y humedales,2018,9.3
8202,Marismas y humedales,2021,9.3
8202,Playas y dunas,2021,9.31
5605,Marismas y humedales,2018,9.32
3303,Bosques y matorrales,2018,9.33
9102,Bosques y matorrales,2018,9.36
7309,Marismas y humedales,2018,9.37
5601,Bosques y matorrales,2023,9.37
8207,Marismas y humedales,2020,9.4
8207,Marismas y humedales,2021,9.4
5606,Playas y dunas,2017,9.42
10306,Playas y dunas,2022,9.429591837
8202,Playas y dunas,2020,9.43
10109,Playas y dunas,2017,9.44
4301,Bosques y matorrales,2023,9.484285714
9102,Bosques y matorrales,2020,9.54
4101,Marismas y humedales,2021,9.54
9116,Playas y dunas,2024,9.54
8202,Playas y dunas,2019,9.55
7309,Marismas y humedales,2020,9.58
7309,Marismas y humedales,2021,9.58
5107,Playas y dunas,2021,9.62
5102,Bosques y matorrales,2023,9.63
15102,Bosques y matorrales,2022,9.63
5105,Marismas y humedales,2019,9.63
2104,Bosques y matorrales,2017,9.72
5107,Playas y dunas,2024,9.73
10106,Bentonico,2024,9.741693072
10106,Bentonico,2017,9.741693072
10106,Bentonico,2018,9.741693072
10106,Bentonico,2019,9.741693072
10106,Bentonico,2020,9.741693072
10106,Bentonico,2021,9.741693072
10106,Bentonico,2022,9.741693072
10106,Bentonico,2023,9.741693072
8107,Bosques y matorrales,2024,9.76
2104,Bosques y matorrales,2023,9.762142857
5107,Marismas y humedales,2020,9.77
5102,Marismas y humedales,2021,9.773333333
4301,Bosques y matorrales,2019,9.8
11201,Playas y dunas,2021,9.825
5105,Bosques y matorrales,2022,9.84
12303,Macrocystis,2021,9.865672127
7309,Bosques y matorrales,2022,9.87
9102,Bosques y matorrales,2019,9.87
7309,Marismas y humedales,2017,9.9
10401,Playas y dunas,2017,9.9
10401,Playas y dunas,2020,9.9
10401,Playas y dunas,2021,9.9
7202,Bosques y matorrales,2017,9.95
7203,Marismas y humedales,2020,9.96
5405,Playas y dunas,2024,10.04
12303,Macrocystis,2020,10.04325423
10108,Bosques y matorrales,2022,10.05
12303,Marismas y humedales,2024,10.05
14102,Bosques y matorrales,2022,10.08
9117,Bosques y matorrales,2021,10.1
5606,Playas y dunas,2023,10.16
6205,Marismas y humedales,2019,10.195
12303,Macrocystis,2019,10.2240328
5601,Bosques y matorrales,2021,10.31
9116,Bosques y matorrales,2021,10.31
5107,Playas y dunas,2020,10.37
5405,Bosques y matorrales,2019,10.4
10403,Playas y dunas,2018,10.405
12303,Macrocystis,2018,10.40806539
8207,Marismas y humedales,2017,10.47
8201,Marismas y humedales,2020,10.47
5405,Bosques y matorrales,2024,10.48
10101,Playas y dunas,2024,10.48
5403,Marismas y humedales,2023,10.50428571
5403,Bosques y matorrales,2019,10.52
3101,Playas y dunas,2022,10.53
7103,Playas y dunas,2024,10.56
7102,Marismas y humedales,2023,10.56285714
12303,Macrocystis,2017,10.59541057
8106,Bosques y matorrales,2024,10.67
15101,Marismas y humedales,2017,10.7
6201,Marismas y humedales,2020,10.71
4101,Bosques y matorrales,2019,10.72
2104,Bosques y matorrales,2021,10.72
2104,Bosques y matorrales,2020,10.735
5601,Bosques y matorrales,2022,10.77857143
14201,Playas y dunas,2024,10.85
12302,Bosques y matorrales,2022,10.86
10403,Macrocystis,2024,10.89
6201,Marismas y humedales,2021,10.91333333
12301,Marismas y humedales,2022,10.92
5103,Bentonico,2024,10.94140378
5103,Bentonico,2017,10.94140378
5103,Bentonico,2018,10.94140378
5103,Bentonico,2019,10.94140378
5103,Bentonico,2020,10.94140378
5103,Bentonico,2021,10.94140378
5103,Bentonico,2022,10.94140378
5103,Bentonico,2023,10.94140378
5101,Marismas y humedales,2021,10.96
10401,Marismas y humedales,2024,10.97
5105,Marismas y humedales,2020,11.02
5605,Playas y dunas,2023,11.03142857
6205,Marismas y humedales,2020,11.09
11303,Playas y dunas,2017,11.13
5107,Bosques y matorrales,2023,11.19428571
5405,Playas y dunas,2018,11.2
6201,Marismas y humedales,2017,11.2
8102,Bosques y matorrales,2024,11.22
8201,Marismas y humedales,2021,11.27
8106,Bosques y matorrales,2023,11.31428571
4203,Playas y dunas,2019,11.33
4203,Playas y dunas,2020,11.33
11303,Macrocystis,2023,11.34595683
5606,Marismas y humedales,2023,11.38714286
5403,Marismas y humedales,2017,11.45
5403,Marismas y humedales,2018,11.5
6201,Marismas y humedales,2018,11.52
6205,Bosques y matorrales,2020,11.53
12302,Playas y dunas,2021,11.55
4102,Marismas y humedales,2021,11.56
12103,Marismas y humedales,2024,11.56
5105,Bosques y matorrales,2017,11.59
5105,Bosques y matorrales,2018,11.59
5405,Bosques y matorrales,2018,11.6
5105,Marismas y humedales,2021,11.6
8202,Marismas y humedales,2017,11.6
5601,Bosques y matorrales,2018,11.63
5405,Bosques y matorrales,2017,11.64
4203,Playas y dunas,2021,11.67
8206,Bentonico,2024,11.69848772
8206,Bentonico,2017,11.69848772
8206,Bentonico,2018,11.69848772
8206,Bentonico,2019,11.69848772
8206,Bentonico,2020,11.69848772
8206,Bentonico,2021,11.69848772
8206,Bentonico,2022,11.69848772
8206,Bentonico,2023,11.69848772
9117,Bosques y matorrales,2024,11.85
12103,Playas y dunas,2018,12.0
5403,Marismas y humedales,2022,12.03918367
7102,Marismas y humedales,2018,12.07
9102,Bosques y matorrales,2023,12.07142857
8107,Bosques y matorrales,2023,12.07809524
5604,Playas y dunas,2023,12.13285714
12401,Bosques y matorrales,2021,12.18
7202,Marismas y humedales,2021,12.25
7202,Bosques y matorrales,2023,12.26428571
12301,Marismas y humedales,2020,12.3
6201,Playas y dunas,2023,12.43904762
4104,Bosques y matorrales,2018,12.49
6203,Bosques y matorrales,2019,12.6
4102,Bosques y matorrales,2021,12.62
5403,Playas y dunas,2024,12.71
8106,Bosques y matorrales,2017,12.77
8106,Bosques y matorrales,2018,12.77
5606,Playas y dunas,2022,12.77142857
9118,Bosques y matorrales,2023,12.81357143
11202,Macrocystis,2023,12.90054801
6201,Marismas y humedales,2019,12.94
7102,Marismas y humedales,2017,13.0
6205,Bosques y matorrales,2018,13.03
6203,Bosques y matorrales,2020,13.1
16202,Bosques y matorrales,2021,13.12
4202,Bosques y matorrales,2017,13.12
4202,Bosques y matorrales,2018,13.12
6203,Bosques y matorrales,2017,13.18
6203,Bosques y matorrales,2018,13.18
5606,Marismas y humedales,2022,13.22530612
4102,Bosques y matorrales,2022,13.23
8102,Bosques y matorrales,2017,13.25
7102,Marismas y humedales,2019,13.26
4101,Bosques y matorrales,2018,13.29
4101,Bosques y matorrales,2017,13.3
4102,Marismas y humedales,2019,13.41
5201,Bosques y matorrales,2023,13.49804286
5606,Marismas y humedales,2018,13.5
5606,Marismas y humedales,2017,13.53
16202,Bosques y matorrales,2022,13.62
4301,Bosques y matorrales,2017,13.63
11303,Macrocystis,2021,13.63843825
11201,Playas y dunas,2018,13.645
6205,Playas y dunas,2022,13.71
8110,Bosques y matorrales,2023,13.80428571
4301,Bosques y matorrales,2021,13.88
11303,Macrocystis,2020,13.88393014
12302,Marismas y humedales,2023,13.92428571
4301,Bosques y matorrales,2018,14.0
6201,Bosques y matorrales,2021,14.01666667
11303,Macrocystis,2019,14.13384089
9116,Bosques y matorrales,2023,14.23428571
8106,Bosques y matorrales,2019,14.27
8202,Bosques y matorrales,2021,14.27
8106,Bosques y matorrales,2020,14.38
11303,Macrocystis,2018,14.38825002
4202,Bosques y matorrales,2019,14.48
4202,Bosques y matorrales,2020,14.56
12302,Playas y dunas,2019,14.58
4301,Bosques y matorrales,2020,14.63
11303,Macrocystis,2017,14.64723852
8112,Bosques y matorrales,2020,14.72
8112,Bosques y matorrales,2018,14.79
8112,Bosques y matorrales,2019,14.92
5104,Playas y dunas,2024,14.9526
7303,Bosques y matorrales,2024,14.97
5403,Marismas y humedales,2020,15.0
8106,Pastos marinos,2024,15.11587078
7102,Playas y dunas,2023,15.13857143
5606,Bosques y matorrales,2021,15.23
2104,Bosques y matorrales,2019,15.26
14101,Playas y dunas,2023,15.28642857
7102,Bosques y matorrales,2024,15.29
8106,Pastos marinos,2023,15.30876117
5104,Playas y dunas,2017,15.34368571
5104,Playas y dunas,2018,15.34368571
5104,Playas y dunas,2019,15.34368571
8106,Pastos marinos,2022,15.50411299
4202,Bosques y matorrales,2021,15.6
4202,Playas y dunas,2017,15.66
4202,Playas y dunas,2018,15.7
8106,Pastos marinos,2021,15.7
9117,Playas y dunas,2024,15.73
12302,Marismas y humedales,2021,15.8
8106,Pastos marinos,2020,15.89980233
5102,Bosques y matorrales,2020,15.93
2102,Bosques y matorrales,2023,15.96857143
5101,Bosques y matorrales,2023,16.07857143
10401,Macrocystis,2024,16.09
8106,Pastos marinos,2019,16.10013984
4101,Marismas y humedales,2019,16.17
5602,Playas y dunas,2024,16.19
7303,Bosques y matorrales,2017,16.2
7102,Marismas y humedales,2020,16.28
8106,Pastos marinos,2018,16.3030016
5403,Bosques y matorrales,2017,16.49
8106,Pastos marinos,2017,16.50841942
5102,Bosques y matorrales,2019,16.54
5102,Bosques y matorrales,2018,16.59
9102,Playas y dunas,2017,16.6
12302,Marismas y humedales,2018,16.6
5102,Bosques y matorrales,2017,16.64
7303,Bosques y matorrales,2023,16.72142857
5401,Bosques y matorrales,2023,16.74571429
5403,Bosques y matorrales,2018,16.9
8202,Playas y dunas,2023,16.98428571
11202,Macrocystis,2021,17.2485417
7102,Playas y dunas,2017,17.27
3102,Bosques y matorrales,2022,17.34
12302,Bosques y matorrales,2023,17.49714286
5401,Bosques y matorrales,2017,17.55
11202,Macrocystis,2020,17.55901545
8102,Marismas y humedales,2018,17.56
5606,Marismas y humedales,2019,17.56
5606,Marismas y humedales,2020,17.56
5606,Marismas y humedales,2021,17.56
5104,Playas y dunas,2020,17.5788
5104,Playas y dunas,2021,17.5788
8202,Bosques y matorrales,2022,17.58
3201,Bosques y matorrales,2022,17.58
7303,Bosques y matorrales,2018,17.67
5403,Marismas y humedales,2021,17.7
3304,Marismas y humedales,2017,17.7
10208,Macrocystis,2024,17.75
10203,Playas y dunas,2024,17.79
4101,Marismas y humedales,2023,17.79714286
5104,Playas y dunas,2022,17.7975
8110,Bosques y matorrales,2019,17.82
11201,Macrocystis,2022,17.82
4202,Playas y dunas,2023,17.83142857
2104,Marismas y humedales,2018,17.84
11202,Macrocystis,2019,17.87507773
5403,Marismas y humedales,2019,17.88
6206,Bosques y matorrales,2024,17.89
5606,Playas y dunas,2019,17.9
5606,Playas y dunas,2020,17.9
5606,Playas y dunas,2021,17.9
7303,Bosques y matorrales,2019,17.92
5401,Bosques y matorrales,2024,17.93
11203,Macrocystis,2024,18.01
7303,Bosques y matorrales,2020,18.03
1101,Marismas y humedales,2017,18.05
5103,Pastos marinos,2024,18.06013246
11201,Macrocystis,2023,18.10064393
8110,Bosques y matorrales,2018,18.14
11202,Macrocystis,2018,18.19682913
12301,Marismas y humedales,2023,18.23857143
5103,Pastos marinos,2023,18.29059394
8110,Bosques y matorrales,2020,18.32
12302,Playas y dunas,2018,18.34
9116,Bosques y matorrales,2017,18.4
9102,Bentonico,2024,18.41169291
9102,Bentonico,2017,18.41169291
9102,Bentonico,2018,18.41169291
9102,Bentonico,2019,18.41169291
9102,Bentonico,2020,18.41169291
9102,Bentonico,2021,18.41169291
9102,Bentonico,2022,18.41169291
9102,Bentonico,2023,18.41169291
5603,Bentonico,2024,18.41270805
5603,Bentonico,2017,18.41270805
5603,Bentonico,2018,18.41270805
5603,Bentonico,2019,18.41270805
5603,Bentonico,2020,18.41270805
5603,Bentonico,2021,18.41270805
5603,Bentonico,2022,18.41270805
5603,Bentonico,2023,18.41270805
5103,Pastos marinos,2022,18.52399629
11202,Macrocystis,2017,18.52437206
11201,Playas y dunas,2017,18.65
12301,Macrocystis,2024,18.67
8203,Bosques y matorrales,2023,18.75785714
5103,Pastos marinos,2021,18.8
4102,Bosques y matorrales,2023,18.93714286
9118,Playas y dunas,2024,18.95
4102,Bosques y matorrales,2019,18.95
5103,Pastos marinos,2020,18.9967578
5101,Bosques y matorrales,2019,19.16
5101,Bosques y matorrales,2020,19.16
5103,Pastos marinos,2019,19.23611694
8206,Bosques y matorrales,2022,19.26
8112,Bosques y matorrales,2024,19.26
11303,Marismas y humedales,2022,19.29
7102,Marismas y humedales,2021,19.3
10403,Playas y dunas,2017,19.31
10403,Playas y dunas,2021,19.31
6203,Bosques y matorrales,2024,19.33
10305,Bosques y matorrales,2023,19.40428571
12104,Bosques y matorrales,2019,19.43
5103,Pastos marinos,2018,19.47849202
5107,Playas y dunas,2019,19.51
7309,Bosques y matorrales,2023,19.56142857
11201,Playas y dunas,2020,19.65
5103,Pastos marinos,2017,19.72392102
6206,Bosques y matorrales,2017,19.73
4203,Bosques y matorrales,2024,19.74
5102,Bosques y matorrales,2024,19.75
2104,Bosques y matorrales,2018,19.8
6205,Bosques y matorrales,2024,19.94
9116,Bosques y matorrales,2018,19.94
9118,Bosques y matorrales,2020,20.13
12402,Bosques y matorrales,2023,20.32071429
5601,Bosques y matorrales,2020,20.39
9116,Bosques y matorrales,2020,20.39
11201,Marismas y humedales,2022,20.49
7102,Playas y dunas,2018,20.54
10303,Playas y dunas,2023,20.60357143
7203,Bosques y matorrales,2023,20.66
5606,Bosques y matorrales,2023,20.84428571
11201,Macrocystis,2021,21.00691705
12101,Bentonico,2024,21.05270465
12101,Bentonico,2017,21.05270465
12101,Bentonico,2018,21.05270465
12101,Bentonico,2019,21.05270465
12101,Bentonico,2020,21.05270465
12101,Bentonico,2021,21.05270465
12101,Bentonico,2022,21.05270465
12101,Bentonico,2023,21.05270465
10206,Bosques y matorrales,2022,21.06
11201,Macrocystis,2020,21.38504156
9118,Bosques y matorrales,2017,21.41
5601,Bosques y matorrales,2019,21.48
9116,Bosques y matorrales,2019,21.48
4202,Bosques y matorrales,2023,21.48714286
7102,Playas y dunas,2019,21.49
5201,Bosques y matorrales,2022,21.6325
7102,Playas y dunas,2020,21.75
11201,Macrocystis,2019,21.76997231
4202,Playas y dunas,2020,21.79
2104,Marismas y humedales,2021,21.86
7202,Bosques y matorrales,2018,21.93
6206,Bosques y matorrales,2022,21.96
9117,Bosques y matorrales,2023,22.01
7102,Playas y dunas,2021,22.01
12302,Playas y dunas,2017,22.1
11201,Macrocystis,2018,22.16183181
9118,Bosques y matorrales,2018,22.165
7202,Bosques y matorrales,2020,22.24
4104,Bosques y matorrales,2022,22.32
5601,Bentonico,2024,22.34401625
5601,Bentonico,2017,22.34401625
5601,Bentonico,2018,22.34401625
5601,Bentonico,2019,22.34401625
5601,Bentonico,2020,22.34401625
5601,Bentonico,2021,22.34401625
5601,Bentonico,2022,22.34401625
5601,Bentonico,2023,22.34401625
7202,Playas y dunas,2017,22.4
4101,Marismas y humedales,2020,22.4
5602,Bosques y matorrales,2022,22.47
12302,Bosques y matorrales,2017,22.5
12302,Bosques y matorrales,2020,22.5
11201,Macrocystis,2017,22.56074478
9118,Bosques y matorrales,2019,22.92
5101,Bosques y matorrales,2018,22.93
5101,Bosques y matorrales,2017,22.94
12301,Playas y dunas,2023,22.94214286
12302,Playas y dunas,2020,23.1
7202,Bosques y matorrales,2019,23.34
9102,Pastos marinos,2024,23.47515362
15101,Bosques y matorrales,2022,23.52
8106,Bosques y matorrales,2022,23.61
5401,Bosques y matorrales,2021,23.7
5201,Bosques y matorrales,2017,23.72164857
5201,Bosques y matorrales,2018,23.72164857
5201,Bosques y matorrales,2019,23.72164857
9102,Pastos marinos,2023,23.77471503
12402,Macrocystis,2024,23.78
14106,Bosques y matorrales,2022,23.94
5401,Bosques y matorrales,2019,24.06
9102,Pastos marinos,2022,24.07809907
11303,Playas y dunas,2019,24.1725
5401,Bosques y matorrales,2020,24.19
11303,Playas y dunas,2023,24.29678571
9102,Pastos marinos,2021,24.4
4203,Bosques y matorrales,2023,24.40714286
8201,Playas y dunas,2024,24.45
4101,Playas y dunas,2020,24.5
12301,Marismas y humedales,2019,24.6
9102,Pastos marinos,2020,24.69261001
5201,Bosques y matorrales,2020,24.7419
5201,Bosques y matorrales,2021,24.7419
8107,Bentonico,2024,24.75549971
8107,Bentonico,2017,24.75549971
8107,Bentonico,2018,24.75549971
8107,Bentonico,2019,24.75549971
8107,Bentonico,2020,24.75549971
8107,Bentonico,2021,24.75549971
8107,Bentonico,2022,24.75549971
8107,Bentonico,2023,24.75549971
5606,Bosques y matorrales,2024,24.91
9102,Pastos marinos,2019,25.00373689
4203,Bosques y matorrales,2021,25.07
5401,Bosques y matorrales,2018,25.17
9102,Pastos marinos,2018,25.31878398
9102,Pastos marinos,2017,25.63780066
4202,Playas y dunas,2024,25.66
12301,Marismas y humedales,2018,25.81
4203,Pastos marinos,2024,25.98691426
4203,Pastos marinos,2023,26.31852771
5101,Bosques y matorrales,2024,26.33
9118,Bosques y matorrales,2024,26.41
4203,Pastos marinos,2022,26.65437281
4101,Playas y dunas,2023,26.90857143
4203,Pastos marinos,2021,27.0
12301,Marismas y humedales,2017,27.02
12301,Marismas y humedales,2021,27.02
4203,Pastos marinos,2020,27.3346343
5606,Bosques y matorrales,2022,27.38061224
5101,Bosques y matorrales,2022,27.66
4203,Pastos marinos,2019,27.67905069
9117,Bosques y matorrales,2022,27.75
10109,Bosques y matorrales,2024,27.8
10210,Bosques y matorrales,2022,27.96
4203,Pastos marinos,2018,28.02780673
9117,Bosques y matorrales,2017,28.09
2301,Playas y dunas,2022,28.23
12302,Bosques y matorrales,2018,28.24
8203,Bosques y matorrales,2020,28.37
4203,Pastos marinos,2017,28.3809571
11303,Bosques y matorrales,2021,28.4
7309,Bosques y matorrales,2017,28.49
10305,Playas y dunas,2024,28.54
12103,Playas y dunas,2022,28.59387755
4102,Bosques y matorrales,2020,28.6
9117,Bosques y matorrales,2018,28.66
10104,Bosques y matorrales,2023,28.88428571
8203,Bosques y matorrales,2024,29.13
10205,Playas y dunas,2022,29.13
9117,Bosques y matorrales,2019,29.23
10303,Bosques y matorrales,2023,29.445
10305,Bosques y matorrales,2022,29.44918367
8112,Bentonico,2024,29.50942839
8112,Bentonico,2017,29.50942839
8112,Bentonico,2018,29.50942839
8112,Bentonico,2019,29.50942839
8112,Bentonico,2020,29.50942839
8112,Bentonico,2021,29.50942839
8112,Bentonico,2022,29.50942839
8112,Bentonico,2023,29.50942839
7203,Playas y dunas,2020,29.52918367
4102,Bosques y matorrales,2017,29.58
4102,Bosques y matorrales,2018,29.58
10204,Bosques y matorrales,2023,29.71357143
6201,Bosques y matorrales,2023,29.73952381
14101,Bosques y matorrales,2023,29.90857143
14201,Bosques y matorrales,2023,30.08428571
8203,Bosques y matorrales,2019,30.1
7309,Bosques y matorrales,2020,30.13
8111,Playas y dunas,2022,30.21
8201,Bosques y matorrales,2023,30.22380952
9117,Bosques y matorrales,2020,30.24
5606,Bosques y matorrales,2019,30.63
5606,Bosques y matorrales,2020,30.63
8207,Bosques y matorrales,2023,30.71571429
5104,Bosques y matorrales,2023,30.83715714
4102,Playas y dunas,2018,30.9
4102,Playas y dunas,2017,30.93
12201,Playas y dunas,2023,31.06071429
7309,Bosques y matorrales,2018,31.2
5403,Playas y dunas,2019,31.23
12104,Bosques y matorrales,2017,31.51190476
12104,Bosques y matorrales,2018,31.51190476
12104,Bosques y matorrales,2020,31.51190476
12104,Bosques y matorrales,2021,31.51190476
12104,Bosques y matorrales,2022,31.51190476
12302,Marismas y humedales,2017,31.6
12302,Marismas y humedales,2020,31.6
2101,Marismas y humedales,2017,31.67
7309,Bosques y matorrales,2019,31.71
12201,Marismas y humedales,2024,31.91
8203,Bosques y matorrales,2018,31.93
12303,Playas y dunas,2022,31.95
4202,Playas y dunas,2019,32.16
12201,Playas y dunas,2019,32.17
12302,Playas y dunas,2023,32.35285714
14106,Bosques y matorrales,2023,32.35571429
2101,Playas y dunas,2022,32.79
16202,Bosques y matorrales,2023,32.85428571
4102,Marismas y humedales,2023,32.89142857
8111,Bosques y matorrales,2023,32.90857143
8203,Playas y dunas,2024,33.06
10102,Playas y dunas,2024,33.26
10305,Bosques y matorrales,2017,33.44
12302,Bosques y matorrales,2024,33.52
10305,Bosques y matorrales,2018,33.775
8203,Bosques y matorrales,2017,33.89
12302,Bosques y matorrales,2019,33.98
5201,Bosques y matorrales,2024,33.9939
10305,Bosques y matorrales,2019,34.11
4301,Marismas y humedales,2021,34.12
10305,Bosques y matorrales,2020,34.44
8110,Bosques y matorrales,2017,34.58
4203,Playas y dunas,2024,34.64
5606,Bosques y matorrales,2018,34.69
5606,Bosques y matorrales,2017,34.73
8202,Bosques y matorrales,2023,34.84285714
4203,Bosques y matorrales,2020,35.56
4101,Playas y dunas,2024,35.58
4203,Bosques y matorrales,2019,35.6
7309,Bosques y matorrales,2024,35.7
4203,Bosques y matorrales,2017,35.9
4203,Bosques y matorrales,2018,35.9
5604,Bentonico,2024,36.6845685
5604,Bentonico,2017,36.6845685
5604,Bentonico,2018,36.6845685
5604,Bentonico,2019,36.6845685
5604,Bentonico,2020,36.6845685
5604,Bentonico,2021,36.6845685
5604,Bentonico,2022,36.6845685
5604,Bentonico,2023,36.6845685
5102,Playas y dunas,2022,36.69
12402,Bosques y matorrales,2021,36.81928571
12402,Bosques y matorrales,2022,36.81928571
7102,Bosques y matorrales,2022,37.14
11201,Playas y dunas,2023,37.17428571
5403,Pastos marinos,2024,37.52970274
10206,Bosques y matorrales,2023,37.82
5403,Pastos marinos,2023,38.00861124
4101,Marismas y humedales,2018,38.1
4101,Marismas y humedales,2017,38.13
7203,Bosques y matorrales,2020,38.42
5403,Pastos marinos,2022,38.49363099
10104,Bosques y matorrales,2019,38.67
5403,Pastos marinos,2021,39.0
12201,Playas y dunas,2018,39.325
4202,Playas y dunas,2021,39.33
10104,Bosques y matorrales,2021,39.44346939
5403,Pastos marinos,2020,39.47604896
5103,Playas y dunas,2022,39.48
4101,Playas y dunas,2021,39.49
11201,Marismas y humedales,2024,39.52
10104,Bosques y matorrales,2018,39.78
7303,Bentonico,2024,39.95066404
7303,Bentonico,2017,39.95066404
7303,Bentonico,2018,39.95066404
7303,Bentonico,2019,39.95066404
7303,Bentonico,2020,39.95066404
7303,Bentonico,2021,39.95066404
7303,Bentonico,2022,39.95066404
7303,Bentonico,2023,39.95066404
5403,Pastos marinos,2019,39.97344718
5403,Pastos marinos,2018,40.47711261
10104,Bosques y matorrales,2020,40.76
7303,Bosques y matorrales,2022,40.8
9102,Bosques y matorrales,2024,40.8
10104,Bosques y matorrales,2017,40.89
5403,Pastos marinos,2017,40.98712423
10204,Bosques y matorrales,2022,41.74693878
7102,Bosques y matorrales,2023,41.9847619
10104,Bosques y matorrales,2022,42.09
10106,Bosques y matorrales,2023,42.42714286
5606,Bentonico,2024,42.46905807
5606,Bentonico,2017,42.46905807
5606,Bentonico,2018,42.46905807
5606,Bentonico,2019,42.46905807
5606,Bentonico,2020,42.46905807
5606,Bentonico,2021,42.46905807
5606,Bentonico,2022,42.46905807
5606,Bentonico,2023,42.46905807
2102,Bosques y matorrales,2024,42.58285714
2102,Bosques y matorrales,2018,42.58285714
2102,Bosques y matorrales,2019,42.58285714
2102,Bosques y matorrales,2020,42.58285714
2102,Bosques y matorrales,2021,42.58285714
11303,Playas y dunas,2020,42.78
11303,Playas y dunas,2021,42.78
7203,Bosques y matorrales,2017,43.36
5602,Bentonico,2024,43.42208031
5602,Bentonico,2017,43.42208031
5602,Bentonico,2018,43.42208031
5602,Bentonico,2019,43.42208031
5602,Bentonico,2020,43.42208031
5602,Bentonico,2021,43.42208031
5602,Bentonico,2022,43.42208031
5602,Bentonico,2023,43.42208031
4104,Playas y dunas,2023,43.50285714
12402,Bosques y matorrales,2017,43.63
11303,Playas y dunas,2022,43.65
7203,Bosques y matorrales,2019,43.87
5107,Bosques y matorrales,2022,43.89
5403,Playas y dunas,2017,44.03
5403,Playas y dunas,2018,44.03
4301,Playas y dunas,2017,44.03
4301,Playas y dunas,2018,44.03
10207,Playas y dunas,2024,44.63
4203,Marismas y humedales,2023,44.90714286
10104,Bentonico,2024,44.96546229
10104,Bentonico,2017,44.96546229
10104,Bentonico,2018,44.96546229
10104,Bentonico,2019,44.96546229
10104,Bentonico,2020,44.96546229
10104,Bentonico,2021,44.96546229
10104,Bentonico,2022,44.96546229
10104,Bentonico,2023,44.96546229
10104,Bosques y matorrales,2024,45.03
10303,Bosques y matorrales,2021,45.07571429
1404,Bosques y matorrales,2022,45.12
6201,Bosques y matorrales,2018,45.22
12402,Bosques y matorrales,2018,45.405
6201,Bosques y matorrales,2019,46.21
8110,Bosques y matorrales,2024,46.4
12201,Playas y dunas,2017,46.48
14101,Playas y dunas,2024,47.05
5605,Bentonico,2024,47.14058479
5605,Bentonico,2017,47.14058479
5605,Bentonico,2018,47.14058479
5605,Bentonico,2019,47.14058479
5605,Bentonico,2020,47.14058479
5605,Bentonico,2021,47.14058479
5605,Bentonico,2022,47.14058479
5605,Bentonico,2023,47.14058479
12402,Bosques y matorrales,2019,47.18
10204,Bosques y matorrales,2019,47.35
5104,Bosques y matorrales,2017,47.38569143
5104,Bosques y matorrales,2018,47.38569143
5104,Bosques y matorrales,2019,47.38569143
12201,Playas y dunas,2021,47.48
10306,Bosques y matorrales,2023,47.68928571
16202,Bosques y matorrales,2018,47.72
14106,Bosques y matorrales,2024,47.84
6201,Bosques y matorrales,2020,48.0
11201,Bentonico,2024,48.20482106
11201,Bentonico,2017,48.20482106
11201,Bentonico,2018,48.20482106
11201,Bentonico,2019,48.20482106
11201,Bentonico,2020,48.20482106
11201,Bentonico,2021,48.20482106
11201,Bentonico,2022,48.20482106
11201,Bentonico,2023,48.20482106
12101,Playas y dunas,2020,48.54
12101,Playas y dunas,2021,48.54
8201,Bosques y matorrales,2017,48.72
8201,Bosques y matorrales,2018,48.72
8207,Bosques y matorrales,2018,48.79
10204,Bosques y matorrales,2018,49.125
5403,Playas y dunas,2023,49.18857143
14106,Bosques y matorrales,2017,49.43
14106,Bosques y matorrales,2020,49.43
11202,Macrocystis,2024,49.62
12103,Macrocystis,2022,50.0495839
4102,Playas y dunas,2023,50.21857143
8102,Playas y dunas,2024,50.38
10101,Bosques y matorrales,2023,50.45285714
16202,Bosques y matorrales,2019,50.5
8201,Bosques y matorrales,2020,50.63
16202,Bosques y matorrales,2020,50.64
11203,Bosques y matorrales,2022,50.7
11303,Marismas y humedales,2024,50.76
5104,Bosques y matorrales,2024,50.7762
10204,Bosques y matorrales,2017,50.9
10305,Bosques y matorrales,2024,50.91
14106,Bosques y matorrales,2018,50.985
10303,Bosques y matorrales,2017,51.04
10303,Bosques y matorrales,2018,51.155
14201,Bosques y matorrales,2017,51.17
10207,Bosques y matorrales,2022,51.18
8207,Bosques y matorrales,2019,51.24
10303,Bosques y matorrales,2019,51.27
5104,Bosques y matorrales,2020,51.3063
5104,Bosques y matorrales,2021,51.3063
10303,Bosques y matorrales,2020,51.33
4203,Marismas y humedales,2022,51.43816327
5403,Bentonico,2024,51.44767087
5403,Bentonico,2017,51.44767087
5403,Bentonico,2018,51.44767087
5403,Bentonico,2019,51.44767087
5403,Bentonico,2020,51.44767087
5403,Bentonico,2021,51.44767087
5403,Bentonico,2022,51.44767087
5403,Bentonico,2023,51.44767087
6203,Bentonico,2024,51.73677863
6203,Bentonico,2017,51.73677863
6203,Bentonico,2018,51.73677863
6203,Bentonico,2019,51.73677863
6203,Bentonico,2020,51.73677863
6203,Bentonico,2021,51.73677863
6203,Bentonico,2022,51.73677863
6203,Bentonico,2023,51.73677863
14101,Bosques y matorrales,2017,51.84
14101,Bosques y matorrales,2020,51.84
12201,Playas y dunas,2020,51.97
14201,Bosques y matorrales,2018,51.985
14101,Bosques y matorrales,2018,52.07
4202,Marismas y humedales,2023,52.12428571
6206,Bentonico,2024,52.179563
6206,Bentonico,2017,52.179563
6206,Bentonico,2018,52.179563
6206,Bentonico,2019,52.179563
6206,Bentonico,2020,52.179563
6206,Bentonico,2021,52.179563
6206,Bentonico,2022,52.179563
6206,Bentonico,2023,52.179563
7102,Bentonico,2024,52.27447407
7102,Bentonico,2017,52.27447407
7102,Bentonico,2018,52.27447407
7102,Bentonico,2019,52.27447407
7102,Bentonico,2020,52.27447407
7102,Bentonico,2021,52.27447407
7102,Bentonico,2022,52.27447407
7102,Bentonico,2023,52.27447407
14101,Bosques y matorrales,2019,52.3
11201,Playas y dunas,2024,52.34
4102,Playas y dunas,2020,52.36
4101,Playas y dunas,2019,52.4
4104,Playas y dunas,2017,52.4
6201,Bosques y matorrales,2024,52.43
8201,Bosques y matorrales,2019,52.52
14201,Bosques y matorrales,2020,52.53
14106,Bosques y matorrales,2019,52.54
5104,Bosques y matorrales,2022,52.7025
14201,Bosques y matorrales,2019,52.8
12301,Bosques y matorrales,2024,52.98
14106,Playas y dunas,2024,53.27
8207,Bosques y matorrales,2020,53.35
6201,Bosques y matorrales,2017,53.5
10202,Bosques y matorrales,2022,53.85
4102,Marismas y humedales,2020,54.13
7103,Bentonico,2024,54.25167555
7103,Bentonico,2017,54.25167555
7103,Bentonico,2018,54.25167555
7103,Bentonico,2019,54.25167555
7103,Bentonico,2020,54.25167555
7103,Bentonico,2021,54.25167555
7103,Bentonico,2022,54.25167555
7103,Bentonico,2023,54.25167555
9102,Bosques y matorrales,2022,54.27
16202,Bosques y matorrales,2017,54.38
8207,Bosques y matorrales,2017,54.42
10204,Bosques y matorrales,2024,54.52
11202,Playas y dunas,2024,54.87
8207,Bosques y matorrales,2024,54.9
6205,Bentonico,2024,55.62209063
6205,Bentonico,2017,55.62209063
6205,Bentonico,2018,55.62209063
6205,Bentonico,2019,55.62209063
6205,Bentonico,2020,55.62209063
6205,Bentonico,2021,55.62209063
6205,Bentonico,2022,55.62209063
6205,Bentonico,2023,55.62209063
8111,Bosques y matorrales,2019,56.12
8111,Bosques y matorrales,2017,56.19
8111,Bosques y matorrales,2018,56.19
10210,Bosques y matorrales,2023,56.32857143
8111,Bosques y matorrales,2020,56.35
16202,Bosques y matorrales,2024,57.07
4104,Playas y dunas,2018,57.57
4202,Marismas y humedales,2021,57.7
10206,Bosques y matorrales,2019,57.86
10206,Bosques y matorrales,2020,57.86
10204,Bosques y matorrales,2020,58.11
4101,Playas y dunas,2022,58.11
4102,Pastos marinos,2024,58.19661914
5107,Bentonico,2024,58.32928486
5107,Bentonico,2017,58.32928486
5107,Bentonico,2018,58.32928486
5107,Bentonico,2019,58.32928486
5107,Bentonico,2020,58.32928486
5107,Bentonico,2021,58.32928486
5107,Bentonico,2022,58.32928486
5107,Bentonico,2023,58.32928486
12402,Bosques y matorrales,2024,58.35
14102,Bosques y matorrales,2023,58.48357143
4102,Pastos marinos,2023,58.93925373
4102,Pastos marinos,2022,59.69136493
4202,Marismas y humedales,2022,59.74918367
10305,Bentonico,2024,59.75938505
10305,Bentonico,2017,59.75938505
10305,Bentonico,2018,59.75938505
10305,Bentonico,2019,59.75938505
10305,Bentonico,2020,59.75938505
10305,Bentonico,2021,59.75938505
10305,Bentonico,2022,59.75938505
10305,Bentonico,2023,59.75938505
12101,Macrocystis,2023,59.83036844
5102,Pastos marinos,2024,59.85984622
14101,Bentonico,2024,59.88813363
14101,Bentonico,2017,59.88813363
14101,Bentonico,2018,59.88813363
14101,Bentonico,2019,59.88813363
14101,Bentonico,2020,59.88813363
14101,Bentonico,2021,59.88813363
14101,Bentonico,2022,59.88813363
14101,Bentonico,2023,59.88813363
4203,Marismas y humedales,2017,60.0
7102,Bosques y matorrales,2017,60.12
15102,Playas y dunas,2023,60.32285714
4102,Pastos marinos,2021,60.5
5102,Pastos marinos,2023,60.6237049
10206,Bosques y matorrales,2018,60.63
4104,Playas y dunas,2019,60.7
4203,Marismas y humedales,2018,61.0
4102,Pastos marinos,2020,61.21478239
5102,Pastos marinos,2022,61.39731102
4202,Pastos marinos,2024,61.61816169
7102,Bosques y matorrales,2020,61.83
14201,Bosques y matorrales,2024,61.84
4102,Pastos marinos,2019,61.98608865
14101,Bosques y matorrales,2024,62.04
5102,Pastos marinos,2021,62.2
7102,Bosques y matorrales,2018,62.22
4202,Pastos marinos,2023,62.40445786
10106,Bosques y matorrales,2022,62.50530612
4102,Pastos marinos,2018,62.76711336
5605,Playas y dunas,2022,62.94
5102,Pastos marinos,2020,62.96426691
10306,Playas y dunas,2024,63.07
4202,Pastos marinos,2022,63.20078779
5102,Bentonico,2024,63.35476321
5102,Bentonico,2017,63.35476321
5102,Bentonico,2018,63.35476321
5102,Bentonico,2019,63.35476321
5102,Bentonico,2020,63.35476321
5102,Bentonico,2021,63.35476321
5102,Bentonico,2022,63.35476321
5102,Bentonico,2023,63.35476321
10206,Bosques y matorrales,2017,63.4
4102,Pastos marinos,2017,63.55797899
5102,Pastos marinos,2019,63.75761667
4203,Marismas y humedales,2021,63.98
4202,Pastos marinos,2021,64.0
8111,Bosques y matorrales,2024,64.41
4104,Playas y dunas,2020,64.5
5102,Pastos marinos,2018,64.56096264
4203,Marismas y humedales,2020,64.67
10303,Bentonico,2024,64.69347187
10303,Bentonico,2017,64.69347187
10303,Bentonico,2018,64.69347187
10303,Bentonico,2019,64.69347187
10303,Bentonico,2020,64.69347187
10303,Bentonico,2021,64.69347187
10303,Bentonico,2022,64.69347187
10303,Bentonico,2023,64.69347187
4203,Marismas y humedales,2019,64.7
4202,Pastos marinos,2020,64.81377123
12301,Bosques y matorrales,2017,64.87
10201,Bosques y matorrales,2023,64.87428571
10108,Bosques y matorrales,2023,64.90785714
12101,Playas y dunas,2017,65.08
5102,Pastos marinos,2017,65.37443077
4202,Pastos marinos,2019,65.63042475
7102,Bosques y matorrales,2019,65.79
6201,Playas y dunas,2022,66.42
4202,Pastos marinos,2018,66.4573681
5405,Bentonico,2024,66.75481698
5405,Bentonico,2017,66.75481698
5405,Bentonico,2018,66.75481698
5405,Bentonico,2019,66.75481698
5405,Bentonico,2020,66.75481698
5405,Bentonico,2021,66.75481698
5405,Bentonico,2022,66.75481698
5405,Bentonico,2023,66.75481698
4202,Marismas y humedales,2019,66.78
4202,Pastos marinos,2017,67.29473094
15101,Playas y dunas,2023,67.65285714
5101,Pastos marinos,2024,67.69587678
3101,Playas y dunas,2023,68.02142857
4104,Playas y dunas,2021,68.09
8111,Bentonico,2024,68.14520504
8111,Bentonico,2017,68.14520504
8111,Bentonico,2018,68.14520504
8111,Bentonico,2019,68.14520504
8111,Bentonico,2020,68.14520504
8111,Bentonico,2021,68.14520504
8111,Bentonico,2022,68.14520504
8111,Bentonico,2023,68.14520504
4301,Marismas y humedales,2020,68.17
8110,Bentonico,2024,68.414848
8110,Bentonico,2017,68.414848
8110,Bentonico,2018,68.414848
8110,Bentonico,2019,68.414848
8110,Bentonico,2020,68.414848
8110,Bentonico,2021,68.414848
8110,Bentonico,2022,68.414848
8110,Bentonico,2023,68.414848
5101,Pastos marinos,2023,68.55972937
4301,Playas y dunas,2023,68.87928571
5101,Pastos marinos,2022,69.4346054
4301,Marismas y humedales,2023,69.68428571
12303,Marismas y humedales,2019,69.7
5101,Pastos marinos,2021,70.3
5405,Pastos marinos,2024,70.43526145
5604,Playas y dunas,2022,70.65
8107,Bosques y matorrales,2022,70.83
5107,Pastos marinos,2024,70.96146619
5101,Pastos marinos,2020,71.20668567
5405,Pastos marinos,2023,71.33407074
10306,Bosques y matorrales,2022,71.6577551
10106,Bosques y matorrales,2017,71.76
5107,Pastos marinos,2023,71.86699027
5101,Pastos marinos,2019,72.10388991
12301,Bosques y matorrales,2020,72.11
5405,Pastos marinos,2022,72.24434955
12104,Bosques y matorrales,2024,72.33
10106,Bosques y matorrales,2018,72.34
12101,Marismas y humedales,2024,72.43
5107,Pastos marinos,2022,72.78406955
10106,Bosques y matorrales,2019,72.92
5101,Pastos marinos,2018,73.01239892
5405,Pastos marinos,2021,73.2
5107,Pastos marinos,2021,73.7
10206,Bosques y matorrales,2024,73.83
12401,Playas y dunas,2020,73.88
5101,Pastos marinos,2017,73.93235515
5405,Pastos marinos,2020,74.0881389
5107,Pastos marinos,2020,74.6416334
10106,Bosques y matorrales,2020,74.86
5405,Pastos marinos,2019,75.02164945
10201,Bosques y matorrales,2019,75.1
4102,Marismas y humedales,2017,75.49
4102,Marismas y humedales,2018,75.5
5107,Pastos marinos,2019,75.58211799
5405,Pastos marinos,2018,75.96692223
5107,Pastos marinos,2018,76.53445267
4202,Marismas y humedales,2020,76.54
5405,Pastos marinos,2017,76.92410545
12301,Bosques y matorrales,2018,77.395
5107,Pastos marinos,2017,77.49878678
12401,Playas y dunas,2017,77.87
10101,Bosques y matorrales,2022,78.09612245
10205,Bosques y matorrales,2019,78.46
8207,Bentonico,2024,78.75327199
8207,Bentonico,2017,78.75327199
8207,Bentonico,2018,78.75327199
8207,Bentonico,2019,78.75327199
8207,Bentonico,2020,78.75327199
8207,Bentonico,2021,78.75327199
8207,Bentonico,2022,78.75327199
8207,Bentonico,2023,78.75327199
10205,Bosques y matorrales,2018,78.78
12401,Playas y dunas,2021,78.87
10205,Bosques y matorrales,2017,79.1
4102,Playas y dunas,2024,79.46
4202,Bosques y matorrales,2022,79.53
11202,Marismas y humedales,2019,79.58
4301,Marismas y humedales,2022,79.72918367
10205,Bosques y matorrales,2020,79.77
10303,Bosques y matorrales,2024,79.97
10203,Bosques y matorrales,2019,80.0
11202,Marismas y humedales,2023,80.33285714
10306,Bosques y matorrales,2017,80.7
12101,Macrocystis,2021,80.80085322
10101,Bosques y matorrales,2017,80.92
10101,Bosques y matorrales,2019,81.095
4202,Marismas y humedales,2018,81.9
4202,Marismas y humedales,2017,81.95
5105,Bentonico,2024,81.9786118
5105,Bentonico,2017,81.9786118
5105,Bentonico,2018,81.9786118
5105,Bentonico,2019,81.9786118
5105,Bentonico,2020,81.9786118
5105,Bentonico,2021,81.9786118
5105,Bentonico,2022,81.9786118
5105,Bentonico,2023,81.9786118
10203,Bosques y matorrales,2020,81.99
15102,Playas y dunas,2019,82.0
15102,Playas y dunas,2020,82.0
12101,Macrocystis,2020,82.25526858
10203,Bosques y matorrales,2018,82.62
15102,Playas y dunas,2017,82.7
14201,Bentonico,2024,82.86722283
14201,Bentonico,2017,82.86722283
14201,Bentonico,2018,82.86722283
14201,Bentonico,2019,82.86722283
14201,Bentonico,2020,82.86722283
14201,Bentonico,2021,82.86722283
14201,Bentonico,2022,82.86722283
14201,Bentonico,2023,82.86722283
10306,Bosques y matorrales,2018,82.975
4301,Marismas y humedales,2019,83.1
12101,Macrocystis,2019,83.73586341
10201,Bosques y matorrales,2017,84.54
10210,Bosques y matorrales,2017,84.68
8202,Bentonico,2024,84.68887205
8202,Bentonico,2017,84.68887205
8202,Bentonico,2018,84.68887205
8202,Bentonico,2019,84.68887205
8202,Bentonico,2020,84.68887205
8202,Bentonico,2021,84.68887205
8202,Bentonico,2022,84.68887205
8202,Bentonico,2023,84.68887205
10306,Bosques y matorrales,2020,84.86
10203,Bosques y matorrales,2017,85.24
12101,Macrocystis,2018,85.24310895
10306,Bosques y matorrales,2019,85.25
10201,Bosques y matorrales,2018,85.48
10201,Bosques y matorrales,2020,86.05
5109,Pastos marinos,2024,86.12346118
15102,Playas y dunas,2024,86.38
8202,Bosques y matorrales,2024,86.51
12101,Macrocystis,2017,86.77748491
15102,Playas y dunas,2021,87.0
12303,Marismas y humedales,2023,87.00428571
5109,Pastos marinos,2023,87.22246423
11202,Bosques y matorrales,2022,87.48
11201,Macrocystis,2024,87.67
8202,Playas y dunas,2017,87.8
15102,Playas y dunas,2018,88.2
5109,Pastos marinos,2022,88.33549142
12101,Playas y dunas,2023,88.38142857
10401,Bosques y matorrales,2022,88.92
12401,Macrocystis,2023,89.03759081
8203,Bentonico,2024,89.34203432
8203,Bentonico,2017,89.34203432
8203,Bentonico,2018,89.34203432
8203,Bentonico,2019,89.34203432
8203,Bentonico,2020,89.34203432
8203,Bentonico,2021,89.34203432
8203,Bentonico,2022,89.34203432
8203,Bentonico,2023,89.34203432
5109,Pastos marinos,2021,89.5
10210,Bosques y matorrales,2018,89.5
3101,Playas y dunas,2020,89.67
15101,Playas y dunas,2019,89.7
10101,Bosques y matorrales,2018,89.725
12301,Bosques y matorrales,2019,89.92
10103,Bosques y matorrales,2023,90.17214286
3101,Playas y dunas,2019,90.4
3101,Playas y dunas,2021,90.5
5109,Pastos marinos,2020,90.58995201
10203,Bosques y matorrales,2023,90.77142857
15101,Playas y dunas,2021,91.7
5109,Pastos marinos,2019,91.7313854
3101,Playas y dunas,2017,92.2
5109,Pastos marinos,2018,92.88720086
12201,Playas y dunas,2022,93.39081633
15101,Playas y dunas,2017,93.4
4301,Playas y dunas,2024,93.51
15101,Playas y dunas,2018,94.04
5109,Pastos marinos,2017,94.05757959
10210,Bosques y matorrales,2019,94.32
10210,Bosques y matorrales,2020,94.48
12401,Marismas y humedales,2024,94.8
12401,Playas y dunas,2018,95.645
12401,Marismas y humedales,2022,97.74
7309,Bentonico,2024,97.95019848
7309,Bentonico,2017,97.95019848
7309,Bentonico,2018,97.95019848
7309,Bentonico,2019,97.95019848
7309,Bentonico,2020,97.95019848
7309,Bentonico,2021,97.95019848
7309,Bentonico,2022,97.95019848
7309,Bentonico,2023,97.95019848
8202,Bosques y matorrales,2018,98.11
10106,Bosques y matorrales,2024,98.12
10101,Bosques y matorrales,2020,98.53
8202,Bosques y matorrales,2019,98.81
14102,Bosques y matorrales,2020,99.16
10102,Bosques y matorrales,2023,99.55071429
14102,Bosques y matorrales,2017,99.77
14102,Bosques y matorrales,2018,99.775
14102,Bosques y matorrales,2019,99.78
7203,Bentonico,2024,100.0327673
7203,Bentonico,2017,100.0327673
7203,Bentonico,2018,100.0327673
7203,Bentonico,2019,100.0327673
7203,Bentonico,2020,100.0327673
7203,Bentonico,2021,100.0327673
7203,Bentonico,2022,100.0327673
7203,Bentonico,2023,100.0327673
15101,Playas y dunas,2024,100.51
10207,Bosques y matorrales,2023,100.7257143
5105,Pastos marinos,2024,101.054412
8201,Bosques y matorrales,2024,101.37
5105,Pastos marinos,2023,102.3439457
3101,Playas y dunas,2018,102.85
15101,Playas y dunas,2020,103.17
5105,Pastos marinos,2022,103.6499349
5105,Pastos marinos,2021,105.0
14101,Playas y dunas,2022,105.21
11202,Marismas y humedales,2018,106.24
5105,Pastos marinos,2020,106.2952442
14102,Bentonico,2024,106.8985082
14102,Bentonico,2017,106.8985082
14102,Bentonico,2018,106.8985082
14102,Bentonico,2019,106.8985082
14102,Bentonico,2020,106.8985082
14102,Bentonico,2021,106.8985082
14102,Bentonico,2022,106.8985082
14102,Bentonico,2023,106.8985082
10108,Bosques y matorrales,2019,106.96
10209,Bosques y matorrales,2023,107.2078571
10108,Bosques y matorrales,2018,107.555
5105,Pastos marinos,2019,107.6345642
11202,Marismas y humedales,2020,107.7
10108,Bosques y matorrales,2017,108.15
5105,Pastos marinos,2018,108.9907597
5403,Playas y dunas,2021,109.3
3304,Playas y dunas,2023,110.0571429
2102,Bosques y matorrales,2022,110.28
5105,Pastos marinos,2017,110.3640433
3303,Playas y dunas,2023,110.7185714
12104,Playas y dunas,2017,110.7666667
12104,Playas y dunas,2018,110.7666667
12104,Playas y dunas,2020,110.7666667
12104,Playas y dunas,2021,110.7666667
12104,Playas y dunas,2022,110.7666667
12401,Playas y dunas,2019,113.42
3101,Playas y dunas,2024,114.54
4102,Playas y dunas,2021,114.86
12302,Playas y dunas,2024,115.42
5403,Playas y dunas,2020,115.7
4301,Playas y dunas,2020,115.7
8106,Playas y dunas,2024,116.1
1101,Playas y dunas,2022,116.76
3201,Playas y dunas,2023,116.91
10201,Bosques y matorrales,2022,117.81
12401,Macrocystis,2021,118.4972465
12303,Marismas y humedales,2018,119.3
10306,Bosques y matorrales,2024,120.09
12401,Macrocystis,2020,120.6301969
10202,Bosques y matorrales,2023,120.6404762
4102,Playas y dunas,2019,120.8
3303,Playas y dunas,2017,121.0
5401,Bentonico,2024,121.0024998
5401,Bentonico,2017,121.0024998
5401,Bentonico,2018,121.0024998
5401,Bentonico,2019,121.0024998
5401,Bentonico,2020,121.0024998
5401,Bentonico,2021,121.0024998
5401,Bentonico,2022,121.0024998
5401,Bentonico,2023,121.0024998
10108,Bosques y matorrales,2020,121.31
12303,Marismas y humedales,2020,122.49
12303,Marismas y humedales,2021,122.49
12401,Macrocystis,2019,122.8015405
4301,Playas y dunas,2019,123.0
12401,Macrocystis,2018,125.0119682
14102,Bosques y matorrales,2024,126.01
12401,Macrocystis,2017,127.2621836
12201,Macrocystis,2023,128.7206849
10403,Playas y dunas,2024,129.14
10210,Bosques y matorrales,2024,130.99
10201,Bosques y matorrales,2024,131.52
11202,Marismas y humedales,2017,132.9
11202,Marismas y humedales,2021,135.82
12302,Playas y dunas,2022,136.8
3304,Playas y dunas,2017,136.89
10103,Bosques y matorrales,2017,137.28
10103,Bosques y matorrales,2020,137.52
12301,Playas y dunas,2022,139.44
8202,Playas y dunas,2024,142.91
10101,Bosques y matorrales,2024,143.05
10205,Bosques y matorrales,2023,143.4985714
10203,Bosques y matorrales,2024,143.58
10303,Playas y dunas,2022,143.61
2104,Playas y dunas,2022,144.6
10209,Bosques y matorrales,2017,146.45
10205,Bosques y matorrales,2024,146.51
4104,Playas y dunas,2024,147.16
10209,Bosques y matorrales,2022,147.51
3201,Playas y dunas,2020,148.7
10209,Bosques y matorrales,2018,148.975
3304,Playas y dunas,2020,150.4
4301,Marismas y humedales,2017,151.2
4301,Marismas y humedales,2018,151.2
10209,Bosques y matorrales,2019,151.5
1404,Playas y dunas,2023,151.5028571
3304,Playas y dunas,2021,152.62
3201,Playas y dunas,2017,153.04
3304,Playas y dunas,2019,153.9
10209,Bosques y matorrales,2020,154.5
4301,Playas y dunas,2021,155.185
16202,Bentonico,2024,155.4776349
16202,Bentonico,2017,155.4776349
16202,Bentonico,2018,155.4776349
16202,Bentonico,2019,155.4776349
16202,Bentonico,2020,155.4776349
16202,Bentonico,2021,155.4776349
16202,Bentonico,2022,155.4776349
16202,Bentonico,2023,155.4776349
3303,Playas y dunas,2020,155.61
3201,Playas y dunas,2019,156.3
2102,Playas y dunas,2023,156.37
7202,Playas y dunas,2024,156.62
8202,Pastos marinos,2024,156.7925515
10102,Bosques y matorrales,2017,158.0
3303,Playas y dunas,2019,158.35
8202,Pastos marinos,2023,158.7933477
8202,Pastos marinos,2022,160.8196756
10207,Bosques y matorrales,2020,161.96
4101,Bentonico,2024,162.2790916
4101,Bentonico,2017,162.2790916
4101,Bentonico,2018,162.2790916
4101,Bentonico,2019,162.2790916
4101,Bentonico,2020,162.2790916
4101,Bentonico,2021,162.2790916
4101,Bentonico,2022,162.2790916
4101,Bentonico,2023,162.2790916
10207,Bosques y matorrales,2019,162.37
12103,Playas y dunas,2024,162.7
3304,Playas y dunas,2024,162.83
10401,Playas y dunas,2024,162.84
8202,Pastos marinos,2021,162.9
10207,Bosques y matorrales,2018,163.18
10207,Bosques y matorrales,2017,163.99
3201,Playas y dunas,2018,164.15
10103,Bosques y matorrales,2018,164.405
8202,Pastos marinos,2020,164.9240465
15101,Bentonico,2024,166.4552241
15101,Bentonico,2017,166.4552241
15101,Bentonico,2018,166.4552241
15101,Bentonico,2019,166.4552241
15101,Bentonico,2020,166.4552241
15101,Bentonico,2021,166.4552241
15101,Bentonico,2022,166.4552241
15101,Bentonico,2023,166.4552241
8202,Pastos marinos,2019,167.0020895
12401,Playas y dunas,2023,167.5892857
12101,Playas y dunas,2019,168.35
12303,Marismas y humedales,2017,168.9
8202,Pastos marinos,2018,169.1063158
10102,Bosques y matorrales,2020,169.27
3303,Playas y dunas,2021,169.41
3201,Playas y dunas,2024,169.46
3303,Playas y dunas,2018,170.54
8202,Pastos marinos,2017,171.2370554
10102,Bosques y matorrales,2018,171.335
12201,Macrocystis,2021,173.8371572
2104,Pastos marinos,2024,174.5100066
12301,Playas y dunas,2024,175.48
12301,Bosques y matorrales,2023,175.5021429
3304,Playas y dunas,2018,176.5
2104,Pastos marinos,2023,176.7368914
12201,Macrocystis,2020,176.966226
10306,Bentonico,2024,178.24686
10306,Bentonico,2017,178.24686
10306,Bentonico,2018,178.24686
10306,Bentonico,2019,178.24686
10306,Bentonico,2020,178.24686
10306,Bentonico,2021,178.24686
10306,Bentonico,2022,178.24686
10306,Bentonico,2023,178.24686
3101,Bentonico,2024,178.3445502
3101,Bentonico,2017,178.3445502
3101,Bentonico,2018,178.3445502
3101,Bentonico,2019,178.3445502
3101,Bentonico,2020,178.3445502
3101,Bentonico,2021,178.3445502
3101,Bentonico,2022,178.3445502
3101,Bentonico,2023,178.3445502
2104,Pastos marinos,2022,178.992193
12201,Macrocystis,2019,180.1516181
2104,Pastos marinos,2021,181.3
12201,Macrocystis,2018,183.3943472
2104,Pastos marinos,2020,183.5603551
12103,Marismas y humedales,2020,184.32
12103,Marismas y humedales,2021,184.32
10102,Bosques y matorrales,2019,184.67
2104,Pastos marinos,2019,185.8732156
12201,Macrocystis,2017,186.6954455
6201,Bentonico,2024,187.5365453
6201,Bentonico,2017,187.5365453
6201,Bentonico,2018,187.5365453
6201,Bentonico,2019,187.5365453
6201,Bentonico,2020,187.5365453
6201,Bentonico,2021,187.5365453
6201,Bentonico,2022,187.5365453
6201,Bentonico,2023,187.5365453
12101,Playas y dunas,2022,188.2087755
2104,Pastos marinos,2018,188.2152181
11201,Playas y dunas,2022,189.81
2104,Pastos marinos,2017,190.5867299
10103,Bosques y matorrales,2019,191.53
12303,Playas y dunas,2024,191.81
10202,Bosques y matorrales,2017,194.25
10202,Bosques y matorrales,2018,194.25
3201,Playas y dunas,2021,194.5
10202,Bosques y matorrales,2019,194.52
3303,Playas y dunas,2024,196.51
15102,Bentonico,2024,197.5101768
15102,Bentonico,2017,197.5101768
15102,Bentonico,2018,197.5101768
15102,Bentonico,2019,197.5101768
15102,Bentonico,2020,197.5101768
15102,Bentonico,2021,197.5101768
15102,Bentonico,2022,197.5101768
15102,Bentonico,2023,197.5101768
2301,Playas y dunas,2023,198.05
10108,Bosques y matorrales,2024,198.65
7203,Playas y dunas,2024,198.99
1404,Playas y dunas,2020,199.9
1404,Playas y dunas,2019,200.81
1404,Playas y dunas,2017,202.1
10202,Bosques y matorrales,2020,202.67
12103,Marismas y humedales,2023,208.3242857
1404,Playas y dunas,2024,212.96
2102,Playas y dunas,2019,217.7
2102,Pastos marinos,2024,217.9176489
2102,Playas y dunas,2020,218.05
2102,Playas y dunas,2017,218.53
2102,Playas y dunas,2018,219.6
2102,Playas y dunas,2021,219.93
1404,Playas y dunas,2018,219.94
2102,Pastos marinos,2023,220.6984494
2101,Playas y dunas,2023,222.5771429
2102,Pastos marinos,2022,223.5147351
4102,Bentonico,2024,224.4119854
4102,Bentonico,2017,224.4119854
4102,Bentonico,2018,224.4119854
4102,Bentonico,2019,224.4119854
4102,Bentonico,2020,224.4119854
4102,Bentonico,2021,224.4119854
4102,Bentonico,2022,224.4119854
4102,Bentonico,2023,224.4119854
3102,Playas y dunas,2023,225.0657143
2102,Pastos marinos,2021,226.4
2102,Pastos marinos,2020,229.2191824
12303,Macrocystis,2024,229.58
10209,Bosques y matorrales,2024,231.18
2102,Pastos marinos,2019,232.1073441
10403,Bosques y matorrales,2023,233.33
1404,Playas y dunas,2021,234.2
2102,Pastos marinos,2018,235.0318966
2102,Playas y dunas,2024,236.57
1101,Playas y dunas,2023,236.5985714
2102,Pastos marinos,2017,237.9932985
11201,Marismas y humedales,2021,238.395
10208,Bosques y matorrales,2022,238.59
12103,Marismas y humedales,2022,239.7363265
4202,Bentonico,2024,242.9154516
4202,Bentonico,2017,242.9154516
4202,Bentonico,2018,242.9154516
4202,Bentonico,2019,242.9154516
4202,Bentonico,2020,242.9154516
4202,Bentonico,2021,242.9154516
4202,Bentonico,2022,242.9154516
4202,Bentonico,2023,242.9154516
11201,Marismas y humedales,2019,243.89
4203,Bentonico,2024,246.0940994
4203,Bentonico,2017,246.0940994
4203,Bentonico,2018,246.0940994
4203,Bentonico,2019,246.0940994
4203,Bentonico,2020,246.0940994
4203,Bentonico,2021,246.0940994
4203,Bentonico,2022,246.0940994
4203,Bentonico,2023,246.0940994
10207,Bosques y matorrales,2024,248.38
10103,Bosques y matorrales,2024,249.24
11203,Bosques y matorrales,2017,255.3409524
11203,Bosques y matorrales,2018,255.3409524
11203,Bosques y matorrales,2019,255.3409524
11203,Bosques y matorrales,2020,255.3409524
11203,Bosques y matorrales,2021,255.3409524
11201,Marismas y humedales,2023,259.3135714
12103,Marismas y humedales,2019,262.07
2301,Playas y dunas,2020,267.62
12101,Macrocystis,2022,269.6704211
2301,Playas y dunas,2021,269.7
2301,Playas y dunas,2019,269.9
10102,Bosques y matorrales,2024,270.91
2301,Playas y dunas,2017,271.0
12201,Macrocystis,2022,273.566497
2301,Playas y dunas,2018,279.9
2104,Playas y dunas,2023,283.31
3201,Bentonico,2024,283.4238721
3201,Bentonico,2017,283.4238721
3201,Bentonico,2018,283.4238721
3201,Bentonico,2019,283.4238721
3201,Bentonico,2020,283.4238721
3201,Bentonico,2021,283.4238721
3201,Bentonico,2022,283.4238721
3201,Bentonico,2023,283.4238721
1101,Pastos marinos,2024,284.2449364
10401,Bosques y matorrales,2023,284.6171429
2301,Playas y dunas,2024,284.97
1101,Pastos marinos,2023,287.8721252
12101,Playas y dunas,2018,288.16
1101,Pastos marinos,2022,291.5455998
3102,Playas y dunas,2020,291.61
4104,Bentonico,2024,292.7851302
4104,Bentonico,2017,292.7851302
4104,Bentonico,2018,292.7851302
4104,Bentonico,2019,292.7851302
4104,Bentonico,2020,292.7851302
4104,Bentonico,2021,292.7851302
4104,Bentonico,2022,292.7851302
4104,Bentonico,2023,292.7851302
3102,Pastos marinos,2024,294.5461968
1101,Pastos marinos,2021,295.3
3102,Playas y dunas,2019,297.0
3102,Pastos marinos,2023,298.3048377
1101,Playas y dunas,2019,298.69
1101,Playas y dunas,2020,298.8
1101,Pastos marinos,2020,298.9863017
10403,Bosques y matorrales,2017,299.14
2102,Bentonico,2024,299.6026791
2102,Bentonico,2017,299.6026791
2102,Bentonico,2018,299.6026791
2102,Bentonico,2019,299.6026791
2102,Bentonico,2020,299.6026791
2102,Bentonico,2021,299.6026791
2102,Bentonico,2022,299.6026791
2102,Bentonico,2023,299.6026791
2101,Playas y dunas,2020,301.2
7102,Playas y dunas,2024,301.47
3102,Pastos marinos,2022,302.1114419
1101,Pastos marinos,2019,302.7535291
2101,Playas y dunas,2017,303.35
10203,Bosques y matorrales,2022,303.75
2101,Playas y dunas,2019,303.86
2101,Playas y dunas,2021,305.7
1101,Playas y dunas,2017,305.8
3102,Pastos marinos,2021,306.0
1101,Pastos marinos,2018,306.5682236
1101,Playas y dunas,2018,307.16
3102,Pastos marinos,2020,309.8218008
1101,Pastos marinos,2017,310.4309832
3102,Playas y dunas,2021,310.9
2101,Playas y dunas,2018,311.14
3102,Pastos marinos,2019,313.7255555
11303,Playas y dunas,2024,313.77
12103,Macrocystis,2024,315.06
3102,Playas y dunas,2017,315.8
3304,Bentonico,2024,316.9453402
3304,Bentonico,2017,316.9453402
3304,Bentonico,2018,316.9453402
3304,Bentonico,2019,316.9453402
3304,Bentonico,2020,316.9453402
3304,Bentonico,2021,316.9453402
3304,Bentonico,2022,316.9453402
3304,Bentonico,2023,316.9453402
3102,Pastos marinos,2018,317.6784975
10403,Bosques y matorrales,2020,317.99
1101,Playas y dunas,2024,318.66
10403,Bosques y matorrales,2018,320.87
10202,Bosques y matorrales,2024,321.48
3102,Pastos marinos,2017,321.6812465
1101,Playas y dunas,2021,328.98
12104,Playas y dunas,2024,331.02
3303,Bentonico,2024,334.2657642
3303,Bentonico,2017,334.2657642
3303,Bentonico,2018,334.2657642
3303,Bentonico,2019,334.2657642
3303,Bentonico,2020,334.2657642
3303,Bentonico,2021,334.2657642
3303,Bentonico,2022,334.2657642
3303,Bentonico,2023,334.2657642
12103,Marismas y humedales,2018,339.82
10208,Bosques y matorrales,2023,342.2014286
10403,Bosques y matorrales,2019,342.6
2101,Playas y dunas,2024,349.03
10403,Bosques y matorrales,2022,352.32
3102,Playas y dunas,2018,357.6
11201,Marismas y humedales,2018,359.84
2104,Playas y dunas,2020,363.03
2104,Playas y dunas,2021,363.03
2104,Playas y dunas,2017,365.9
2104,Playas y dunas,2019,367.38
8201,Bentonico,2024,372.8452438
8201,Bentonico,2017,372.8452438
8201,Bentonico,2018,372.8452438
8201,Bentonico,2019,372.8452438
8201,Bentonico,2020,372.8452438
8201,Bentonico,2021,372.8452438
8201,Bentonico,2022,372.8452438
8201,Bentonico,2023,372.8452438
2104,Playas y dunas,2018,379.23
12303,Bosques y matorrales,2023,400.77
12201,Playas y dunas,2024,405.25
3102,Playas y dunas,2024,425.36
10401,Bosques y matorrales,2017,456.44
10401,Bosques y matorrales,2020,456.44
1404,Bentonico,2024,461.0897406
1404,Bentonico,2017,461.0897406
1404,Bentonico,2018,461.0897406
1404,Bentonico,2019,461.0897406
1404,Bentonico,2020,461.0897406
1404,Bentonico,2021,461.0897406
1404,Bentonico,2022,461.0897406
1404,Bentonico,2023,461.0897406
11201,Marismas y humedales,2017,475.79
11201,Marismas y humedales,2020,476.79
10401,Bosques y matorrales,2018,482.09
12103,Marismas y humedales,2017,487.74
12303,Bosques y matorrales,2019,488.14
12201,Marismas y humedales,2019,494.21
4301,Bentonico,2024,501.1740045
4301,Bentonico,2017,501.1740045
4301,Bentonico,2018,501.1740045
4301,Bentonico,2019,501.1740045
4301,Bentonico,2020,501.1740045
4301,Bentonico,2021,501.1740045
4301,Bentonico,2022,501.1740045
4301,Bentonico,2023,501.1740045
12303,Bosques y matorrales,2024,505.02
2104,Playas y dunas,2024,505.5
10401,Bosques y matorrales,2019,507.74
12303,Bosques y matorrales,2020,519.78
10208,Bosques y matorrales,2017,537.42
10208,Bosques y matorrales,2018,537.48
10208,Bosques y matorrales,2019,537.54
10403,Bosques y matorrales,2024,540.08
10208,Bosques y matorrales,2020,543.53
12303,Bosques y matorrales,2018,557.84
11303,Macrocystis,2024,568.78
3102,Bentonico,2024,587.7216899
3102,Bentonico,2017,587.7216899
3102,Bentonico,2018,587.7216899
3102,Bentonico,2019,587.7216899
3102,Bentonico,2020,587.7216899
3102,Bentonico,2021,587.7216899
3102,Bentonico,2022,587.7216899
3102,Bentonico,2023,587.7216899
12303,Bosques y matorrales,2022,608.91
12101,Playas y dunas,2024,610.41
12303,Bosques y matorrales,2017,627.54
12103,Bosques y matorrales,2023,642.6957143
10205,Bosques y matorrales,2022,686.56
2301,Bentonico,2024,694.695442
2301,Bentonico,2017,694.695442
2301,Bentonico,2018,694.695442
2301,Bentonico,2019,694.695442
2301,Bentonico,2020,694.695442
2301,Bentonico,2021,694.695442
2301,Bentonico,2022,694.695442
2301,Bentonico,2023,694.695442
12201,Marismas y humedales,2023,706.2078571
11203,Bosques y matorrales,2024,708.08
1101,Bentonico,2024,725.3899116
1101,Bentonico,2017,725.3899116
1101,Bentonico,2018,725.3899116
1101,Bentonico,2019,725.3899116
1101,Bentonico,2020,725.3899116
1101,Bentonico,2021,725.3899116
1101,Bentonico,2022,725.3899116
1101,Bentonico,2023,725.3899116
12401,Playas y dunas,2022,733.44
11303,Marismas y humedales,2018,756.0
11303,Marismas y humedales,2023,774.8378571
2101,Bentonico,2024,785.3624741
2101,Bentonico,2017,785.3624741
2101,Bentonico,2018,785.3624741
2101,Bentonico,2019,785.3624741
2101,Bentonico,2020,785.3624741
2101,Bentonico,2021,785.3624741
2101,Bentonico,2022,785.3624741
2101,Bentonico,2023,785.3624741
12201,Marismas y humedales,2022,811.6532653
12101,Marismas y humedales,2023,836.56
12103,Bosques y matorrales,2020,844.47
12201,Marismas y humedales,2018,867.105
12201,Macrocystis,2024,885.2
12101,Marismas y humedales,2020,907.75
12101,Marismas y humedales,2021,907.75
12301,Bosques y matorrales,2022,922.74
11303,Marismas y humedales,2019,929.715
2104,Bentonico,2024,932.8539389
2104,Bentonico,2017,932.8539389
2104,Bentonico,2018,932.8539389
2104,Bentonico,2019,932.8539389
2104,Bentonico,2020,932.8539389
2104,Bentonico,2021,932.8539389
2104,Bentonico,2022,932.8539389
2104,Bentonico,2023,932.8539389
10401,Bosques y matorrales,2024,964.82
12101,Marismas y humedales,2022,966.4157143
10208,Bosques y matorrales,2024,1008.6
12101,Marismas y humedales,2019,1012.51
12103,Bosques y matorrales,2022,1068.150816
12103,Bosques y matorrales,2019,1072.35
12201,Marismas y humedales,2020,1101.14
11303,Marismas y humedales,2020,1103.43
11303,Marismas y humedales,2021,1103.43
12101,Marismas y humedales,2018,1117.27
12201,Bosques y matorrales,2023,1166.464286
12201,Marismas y humedales,2017,1240.0
12201,Marismas y humedales,2021,1241.0
12401,Playas y dunas,2024,1258.8
12103,Bosques y matorrales,2017,1279.42
12103,Bosques y matorrales,2018,1300.23
12101,Bosques y matorrales,2023,1306.862143
12101,Macrocystis,2024,1409.05
11303,Marismas y humedales,2017,1512.0
12101,Bosques y matorrales,2020,1527.12
12201,Bosques y matorrales,2022,1667.777755
12401,Marismas y humedales,2020,1679.5
12201,Bosques y matorrales,2019,1754.5
12101,Marismas y humedales,2017,1910.64
12201,Bosques y matorrales,2018,2001.0
12101,Bosques y matorrales,2019,2011.515
11303,Bosques y matorrales,2024,2090.39
12101,Bosques y matorrales,2022,2155.432449
12201,Bosques y matorrales,2020,2157.75
11202,Bosques y matorrales,2023,2165.53
12201,Bosques y matorrales,2017,2247.5
12103,Bosques y matorrales,2024,2335.49
12201,Bosques y matorrales,2024,2342.73
12101,Bosques y matorrales,2018,2495.91
11303,Bosques y matorrales,2018,2506.675
11303,Bosques y matorrales,2022,2521.38
11303,Bosques y matorrales,2023,2675.820357
12401,Macrocystis,2024,2728.92
11202,Bosques y matorrales,2021,3080.711429
12401,Marismas y humedales,2023,3105.641429
12101,Bosques y matorrales,2017,3107.26
11201,Bosques y matorrales,2022,3459.54
11202,Bosques y matorrales,2019,3612.52
11303,Bosques y matorrales,2019,3722.5375
11202,Bosques y matorrales,2018,3733.16
11202,Bosques y matorrales,2017,3853.8
11202,Bosques y matorrales,2020,3871.75
11201,Bosques y matorrales,2023,3919.162857
12401,Marismas y humedales,2019,4175.0
11202,Bosques y matorrales,2024,4240.74
12101,Bosques y matorrales,2024,4633.13
12401,Marismas y humedales,2018,4827.25
11303,Bosques y matorrales,2020,4938.4
11303,Bosques y matorrales,2017,5013.35
12401,Marismas y humedales,2017,5479.5
12401,Marismas y humedales,2021,5480.5
11201,Bosques y matorrales,2019,5587.9
12401,Bosques y matorrales,2023,5681.877857
11201,Bosques y matorrales,2018,5911.825
11201,Bosques y matorrales,2017,6235.75
11201,Bosques y matorrales,2020,6237.75
12401,Bosques y matorrales,2020,6245.01
12401,Bosques y matorrales,2022,6599.97
11201,Bosques y matorrales,2024,7061.92
12401,Bosques y matorrales,2019,8590.03
12401,Bosques y matorrales,2018,8971.995
12401,Bosques y matorrales,2017,9353.96
12401,Bosques y matorrales,2024,12486.09
