{
  "generated_at_utc": "2026-03-10T22:12:08.075152+00:00",
  "script": "scripts/run_python_scores.py",
  "warmups": 1,
  "iterations": 3,
  "results": [
    {
      "branch": "main",
      "commit": "39ecc73",
      "iterations": 3,
      "warmups": 1,
      "mean": 19.632027761661448,
      "std": 0.09808322993577417,
      "minimum": 19.526304448983865,
      "maximum": 19.720064066001214,
      "median": 19.649714769999264,
      "total": 58.89608328498434,
      "runs": [
        19.526304448983865,
        19.720064066001214,
        19.649714769999264
      ]
    },
    {
      "branch": "opt1",
      "commit": "c2322b6",
      "iterations": 3,
      "warmups": 1,
      "mean": 9.788959846657235,
      "std": 0.21102492275735477,
      "minimum": 9.616033277998213,
      "maximum": 10.024096663983073,
      "median": 9.72674959799042,
      "total": 29.366879539971706,
      "runs": [
        9.72674959799042,
        10.024096663983073,
        9.616033277998213
      ]
    },
    {
      "branch": "opt2",
      "commit": "ff1f848",
      "iterations": 3,
      "warmups": 1,
      "mean": 6.388202998670749,
      "std": 0.03638267839163564,
      "minimum": 6.366411021997919,
      "maximum": 6.430204157019034,
      "median": 6.367993816995295,
      "total": 19.164608996012248,
      "runs": [
        6.430204157019034,
        6.366411021997919,
        6.367993816995295
      ]
    }
  ]
}